,evaporation,rainfall
2009-06-12 02:00:00,0.97,0.0
2009-06-12 03:00:00,0.96,0.0
2009-06-12 04:00:00,0.96,0.0
2009-06-12 05:00:00,0.95,0.0
2009-06-12 06:00:00,0.95,0.0
2009-06-12 07:00:00,0.94,0.0
2009-06-12 08:00:00,0.94,0.0
2009-06-12 09:00:00,0.94,0.0
2009-06-12 10:00:00,0.94,0.0
2009-06-12 11:00:00,0.94,0.0
2009-06-12 12:00:00,0.94,0.0
2009-06-12 13:00:00,0.94,0.0
2009-06-12 14:00:00,0.94,0.0
2009-06-12 15:00:00,0.94,0.0
2009-06-12 16:00:00,0.94,0.0
2009-06-12 17:00:00,0.94,0.0
2009-06-12 18:00:00,0.94,0.0
2009-06-12 19:00:00,0.94,0.0
2009-06-12 20:00:00,0.94,0.0
2009-06-12 21:00:00,0.94,0.0
2009-06-12 22:00:00,0.94,0.0
2009-06-12 23:00:00,0.94,0.0
2009-06-13 00:00:00,0.94,0.0
2009-06-13 01:00:00,0.94,0.0
2009-06-13 02:00:00,0.94,0.0
2009-06-13 03:00:00,0.94,0.0
2009-06-13 04:00:00,0.94,0.0
2009-06-13 05:00:00,0.94,0.0
2009-06-13 06:00:00,0.94,0.0
2009-06-13 07:00:00,0.94,0.0
2009-06-13 08:00:00,0.94,0.0
2009-06-13 09:00:00,0.94,0.0
2009-06-13 10:00:00,0.94,0.0
2009-06-13 11:00:00,0.94,0.005
2009-06-13 12:00:00,0.94,0.017
2009-06-13 13:00:00,0.94,0.017
2009-06-13 14:00:00,0.94,0.017
2009-06-13 15:00:00,0.94,0.017
2009-06-13 16:00:00,0.94,0.011
2009-06-13 17:00:00,0.94,0.0
2009-06-13 18:00:00,0.94,0.0
2009-06-13 19:00:00,0.94,0.0
2009-06-13 20:00:00,0.94,0.0
2009-06-13 21:00:00,0.94,0.0
2009-06-13 22:00:00,0.94,0.0
2009-06-13 23:00:00,0.94,0.0
2009-06-14 00:00:00,0.94,0.0
2009-06-14 01:00:00,0.94,0.0
2009-06-14 02:00:00,0.94,0.0
2009-06-14 03:00:00,0.94,0.0
2009-06-14 04:00:00,0.94,0.0
2009-06-14 05:00:00,0.94,0.0
2009-06-14 06:00:00,0.94,0.0
2009-06-14 07:00:00,0.94,0.0
2009-06-14 08:00:00,0.94,0.0
2009-06-14 09:00:00,0.94,0.0
2009-06-14 10:00:00,0.94,0.0
2009-06-14 11:00:00,0.94,0.0
2009-06-14 12:00:00,0.94,0.0
2009-06-14 13:00:00,0.94,0.0
2009-06-14 14:00:00,0.94,0.0
2009-06-14 15:00:00,0.94,0.0
2009-06-14 16:00:00,0.94,0.0
2009-06-14 17:00:00,0.94,0.0
2009-06-14 18:00:00,0.94,0.0
2009-06-14 19:00:00,0.94,0.0
2009-06-14 20:00:00,0.94,0.0
2009-06-14 21:00:00,0.94,0.0
2009-06-14 22:00:00,0.94,0.0
2009-06-14 23:00:00,0.94,0.0
2009-06-15 00:00:00,0.94,0.0
2009-06-15 01:00:00,0.94,0.0
2009-06-15 02:00:00,0.94,0.0
2009-06-15 03:00:00,0.94,0.0
2009-06-15 04:00:00,0.94,0.0
2009-06-15 05:00:00,0.94,0.0
2009-06-15 06:00:00,0.94,0.0
2009-06-15 07:00:00,0.94,0.0
2009-06-15 08:00:00,0.94,0.0
2009-06-15 09:00:00,0.94,0.0
2009-06-15 10:00:00,0.94,0.0
2009-06-15 11:00:00,0.94,0.0
2009-06-15 12:00:00,0.94,0.0
2009-06-15 13:00:00,0.94,0.0
2009-06-15 14:00:00,0.94,0.0
2009-06-15 15:00:00,0.94,0.0
2009-06-15 16:00:00,0.94,0.0
2009-06-15 17:00:00,0.94,0.0
2009-06-15 18:00:00,0.94,0.0
2009-06-15 19:00:00,0.94,0.0
2009-06-15 20:00:00,0.94,0.0
2009-06-15 21:00:00,0.94,0.0
2009-06-15 22:00:00,0.94,0.0
2009-06-15 23:00:00,0.94,0.0
2009-06-16 00:00:00,0.94,0.0
2009-06-16 01:00:00,0.94,0.0
2009-06-16 02:00:00,0.94,0.0
2009-06-16 03:00:00,0.94,0.0
2009-06-16 04:00:00,0.94,0.0
2009-06-16 05:00:00,0.94,0.0
2009-06-16 06:00:00,0.94,0.0
2009-06-16 07:00:00,0.94,0.0
2009-06-16 08:00:00,0.94,0.0
2009-06-16 09:00:00,0.94,0.0
2009-06-16 10:00:00,0.94,0.0
2009-06-16 11:00:00,0.94,0.0
2009-06-16 12:00:00,0.94,0.021
2009-06-16 13:00:00,0.94,0.026
2009-06-16 14:00:00,0.94,0.03
2009-06-16 15:00:00,0.94,0.036
2009-06-16 16:00:00,0.94,0.036
2009-06-16 17:00:00,0.94,0.195
2009-06-16 18:00:00,0.94,0.221
2009-06-16 19:00:00,0.94,0.019
2009-06-16 20:00:00,0.94,0.013
2009-06-16 21:00:00,0.94,0.017
2009-06-16 22:00:00,0.94,0.03
2009-06-16 23:00:00,0.94,0.03
2009-06-17 00:00:00,0.94,0.03
2009-06-17 01:00:00,0.94,0.046
2009-06-17 02:00:00,0.94,0.045
2009-06-17 03:00:00,0.94,0.038
2009-06-17 04:00:00,0.94,0.084
2009-06-17 05:00:00,0.94,0.045
2009-06-17 06:00:00,0.94,0.045
2009-06-17 07:00:00,0.94,0.037
2009-06-17 08:00:00,0.94,0.034
2009-06-17 09:00:00,0.94,0.035
2009-06-17 10:00:00,0.94,0.036
2009-06-17 11:00:00,0.93,0.044
2009-06-17 12:00:00,0.92,0.052
2009-06-17 13:00:00,0.91,0.048
2009-06-17 14:00:00,0.9,0.109
2009-06-17 15:00:00,0.89,0.033
2009-06-17 16:00:00,0.88,0.029
2009-06-17 17:00:00,0.87,0.04
2009-06-17 18:00:00,0.87,0.042
2009-06-17 19:00:00,0.86,0.042
2009-06-17 20:00:00,0.86,0.042
2009-06-17 21:00:00,0.86,0.073
2009-06-17 22:00:00,0.86,0.076
2009-06-17 23:00:00,0.86,0.062
2009-06-18 00:00:00,0.86,0.066
2009-06-18 01:00:00,0.86,0.066
2009-06-18 02:00:00,0.86,0.075
2009-06-18 03:00:00,0.86,0.096
2009-06-18 04:00:00,0.86,0.128
2009-06-18 05:00:00,0.86,0.121
2009-06-18 06:00:00,0.86,0.128
2009-06-18 07:00:00,0.86,0.14
2009-06-18 08:00:00,0.86,0.226
2009-06-18 09:00:00,0.86,0.143
2009-06-18 10:00:00,0.86,0.097
2009-06-18 11:00:00,0.86,0.018
2009-06-18 12:00:00,0.86,0.0
2009-06-18 13:00:00,0.86,0.0
2009-06-18 14:00:00,0.86,0.0
2009-06-18 15:00:00,0.86,0.0
2009-06-18 16:00:00,0.86,0.0
2009-06-18 17:00:00,0.86,0.018
2009-06-18 18:00:00,0.86,0.047
2009-06-18 19:00:00,0.86,0.054
2009-06-18 20:00:00,0.86,0.054
2009-06-18 21:00:00,0.87,0.054
2009-06-18 22:00:00,0.88,0.036
2009-06-18 23:00:00,0.9,0.185
2009-06-19 00:00:00,0.93,0.009
2009-06-19 01:00:00,0.96,0.038
2009-06-19 02:00:00,0.99,0.061
2009-06-19 03:00:00,1.03,0.077
2009-06-19 04:00:00,1.06,0.091
2009-06-19 05:00:00,1.1,0.126
2009-06-19 06:00:00,1.14,0.69
2009-06-19 07:00:00,1.17,0.182
2009-06-19 08:00:00,1.2,0.349
2009-06-19 09:00:00,1.23,0.231
2009-06-19 10:00:00,1.26,0.146
2009-06-19 11:00:00,1.29,0.128
2009-06-19 12:00:00,1.33,0.167
2009-06-19 13:00:00,1.36,0.1
2009-06-19 14:00:00,1.4,0.075
2009-06-19 15:00:00,1.43,0.071
2009-06-19 16:00:00,1.45,0.071
2009-06-19 17:00:00,1.48,0.117
2009-06-19 18:00:00,1.49,0.01
2009-06-19 19:00:00,1.51,0.002
2009-06-19 20:00:00,1.51,0.002
2009-06-19 21:00:00,1.5,0.0
2009-06-19 22:00:00,1.49,0.0
2009-06-19 23:00:00,1.47,0.0
2009-06-20 00:00:00,1.44,0.0
2009-06-20 01:00:00,1.41,0.0
2009-06-20 02:00:00,1.37,0.0
2009-06-20 03:00:00,1.34,0.0
2009-06-20 04:00:00,1.3,0.0
2009-06-20 05:00:00,1.27,0.0
2009-06-20 06:00:00,1.24,0.0
2009-06-20 07:00:00,1.22,0.0
2009-06-20 08:00:00,1.2,0.0
2009-06-20 09:00:00,1.19,0.0
2009-06-20 10:00:00,1.18,0.0
2009-06-20 11:00:00,1.16,0.0
2009-06-20 12:00:00,1.15,0.0
2009-06-20 13:00:00,1.14,0.0
2009-06-20 14:00:00,1.13,0.0
2009-06-20 15:00:00,1.12,0.0
2009-06-20 16:00:00,1.11,0.0
2009-06-20 17:00:00,1.11,0.0
2009-06-20 18:00:00,1.1,0.0
2009-06-20 19:00:00,1.1,0.0
2009-06-20 20:00:00,1.1,0.0
2009-06-20 21:00:00,1.1,0.0
2009-06-20 22:00:00,1.1,0.0
2009-06-20 23:00:00,1.1,0.0
2009-06-21 00:00:00,1.1,0.0
2009-06-21 01:00:00,1.1,0.0
2009-06-21 02:00:00,1.1,0.0
2009-06-21 03:00:00,1.1,0.0
2009-06-21 04:00:00,1.1,0.0
2009-06-21 05:00:00,1.1,0.0
2009-06-21 06:00:00,1.1,0.0
2009-06-21 07:00:00,1.1,0.0
2009-06-21 08:00:00,1.1,0.0
2009-06-21 09:00:00,1.1,0.0
2009-06-21 10:00:00,1.1,0.0
2009-06-21 11:00:00,1.09,0.0
2009-06-21 12:00:00,1.09,0.0
2009-06-21 13:00:00,1.08,0.0
2009-06-21 14:00:00,1.07,0.0
2009-06-21 15:00:00,1.06,0.0
2009-06-21 16:00:00,1.05,0.0
2009-06-21 17:00:00,1.04,0.0
2009-06-21 18:00:00,1.03,0.0
2009-06-21 19:00:00,1.03,0.0
2009-06-21 20:00:00,1.02,0.0
2009-06-21 21:00:00,1.01,0.0
2009-06-21 22:00:00,1.01,0.0
2009-06-21 23:00:00,1.0,0.0
2009-06-22 00:00:00,0.99,0.0
2009-06-22 01:00:00,0.98,0.0
2009-06-22 02:00:00,0.97,0.0
2009-06-22 03:00:00,0.96,0.0
2009-06-22 04:00:00,0.96,0.0
2009-06-22 05:00:00,0.95,0.0
2009-06-22 06:00:00,0.95,0.0
2009-06-22 07:00:00,0.94,0.0
2009-06-22 08:00:00,0.94,0.0
2009-06-22 09:00:00,0.94,0.0
2009-06-22 10:00:00,0.94,0.0
2009-06-22 11:00:00,0.94,0.0
2009-06-22 12:00:00,0.94,0.0
2009-06-22 13:00:00,0.94,0.0
2009-06-22 14:00:00,0.94,0.0
2009-06-22 15:00:00,0.94,0.0
2009-06-22 16:00:00,0.94,0.0
2009-06-22 17:00:00,0.94,0.0
2009-06-22 18:00:00,0.94,0.0
2009-06-22 19:00:00,0.94,0.0
2009-06-22 20:00:00,0.94,0.0
2009-06-22 21:00:00,0.94,0.0
2009-06-22 22:00:00,0.94,0.0
2009-06-22 23:00:00,0.94,0.0
2009-06-23 00:00:00,0.94,0.0
2009-06-23 01:00:00,0.94,0.0
2009-06-23 02:00:00,0.94,0.0
2009-06-23 03:00:00,0.94,0.0
2009-06-23 04:00:00,0.94,0.0
2009-06-23 05:00:00,0.94,0.0
2009-06-23 06:00:00,0.94,0.0
2009-06-23 07:00:00,0.94,0.0
2009-06-23 08:00:00,0.94,0.0
2009-06-23 09:00:00,0.94,0.0
2009-06-23 10:00:00,0.94,0.0
2009-06-23 11:00:00,0.94,0.0
2009-06-23 12:00:00,0.94,0.0
2009-06-23 13:00:00,0.94,0.0
2009-06-23 14:00:00,0.94,0.0
2009-06-23 15:00:00,0.94,0.0
2009-06-23 16:00:00,0.94,0.0
2009-06-23 17:00:00,0.94,0.0
2009-06-23 18:00:00,0.94,0.0
2009-06-23 19:00:00,0.94,0.0
2009-06-23 20:00:00,0.94,0.0
2009-06-23 21:00:00,0.94,0.0
2009-06-23 22:00:00,0.94,0.0
2009-06-23 23:00:00,0.93,0.0
2009-06-24 00:00:00,0.92,0.0
2009-06-24 01:00:00,0.91,0.0
2009-06-24 02:00:00,0.9,0.0
2009-06-24 03:00:00,0.89,0.0
2009-06-24 04:00:00,0.88,0.0
2009-06-24 05:00:00,0.87,0.0
2009-06-24 06:00:00,0.87,0.0
2009-06-24 07:00:00,0.86,0.0
2009-06-24 08:00:00,0.86,0.0
2009-06-24 09:00:00,0.86,0.0
2009-06-24 10:00:00,0.86,0.0
2009-06-24 11:00:00,0.86,0.0
2009-06-24 12:00:00,0.86,0.0
2009-06-24 13:00:00,0.86,0.0
2009-06-24 14:00:00,0.86,0.0
2009-06-24 15:00:00,0.86,0.0
2009-06-24 16:00:00,0.86,0.0
2009-06-24 17:00:00,0.86,0.0
2009-06-24 18:00:00,0.86,0.0
2009-06-24 19:00:00,0.86,0.0
2009-06-24 20:00:00,0.86,0.0
2009-06-24 21:00:00,0.86,0.0
2009-06-24 22:00:00,0.86,0.0
2009-06-24 23:00:00,0.86,0.0
2009-06-25 00:00:00,0.86,0.0
2009-06-25 01:00:00,0.86,0.0
2009-06-25 02:00:00,0.86,0.0
2009-06-25 03:00:00,0.86,0.0
2009-06-25 04:00:00,0.86,0.0
2009-06-25 05:00:00,0.86,0.0
2009-06-25 06:00:00,0.86,0.0
2009-06-25 07:00:00,0.86,0.0
2009-06-25 08:00:00,0.86,0.0
2009-06-25 09:00:00,0.86,0.0
2009-06-25 10:00:00,0.86,0.0
2009-06-25 11:00:00,0.86,0.0
2009-06-25 12:00:00,0.86,0.0
2009-06-25 13:00:00,0.86,0.0
2009-06-25 14:00:00,0.86,0.0
2009-06-25 15:00:00,0.86,0.0
2009-06-25 16:00:00,0.86,0.0
2009-06-25 17:00:00,0.86,0.0
2009-06-25 18:00:00,0.86,0.0
2009-06-25 19:00:00,0.86,0.0
2009-06-25 20:00:00,0.86,0.0
2009-06-25 21:00:00,0.86,0.0
2009-06-25 22:00:00,0.86,0.0
2009-06-25 23:00:00,0.86,0.0
2009-06-26 00:00:00,0.86,0.0
2009-06-26 01:00:00,0.86,0.0
2009-06-26 02:00:00,0.86,0.0
2009-06-26 03:00:00,0.86,0.0
2009-06-26 04:00:00,0.86,0.0
2009-06-26 05:00:00,0.86,0.0
2009-06-26 06:00:00,0.86,0.0
2009-06-26 07:00:00,0.86,0.0
2009-06-26 08:00:00,0.86,0.0
2009-06-26 09:00:00,0.86,0.0
2009-06-26 10:00:00,0.86,0.0
2009-06-26 11:00:00,0.86,0.0
2009-06-26 12:00:00,0.86,0.0
2009-06-26 13:00:00,0.86,0.0
2009-06-26 14:00:00,0.86,0.0
2009-06-26 15:00:00,0.86,0.0
2009-06-26 16:00:00,0.86,0.0
2009-06-26 17:00:00,0.86,0.0
2009-06-26 18:00:00,0.86,0.0
2009-06-26 19:00:00,0.86,0.0
2009-06-26 20:00:00,0.86,0.0
2009-06-26 21:00:00,0.86,0.0
2009-06-26 22:00:00,0.86,0.0
2009-06-26 23:00:00,0.85,0.0
2009-06-27 00:00:00,0.84,0.0
2009-06-27 01:00:00,0.83,0.0
2009-06-27 02:00:00,0.82,0.0
2009-06-27 03:00:00,0.81,0.0
2009-06-27 04:00:00,0.8,0.0
2009-06-27 05:00:00,0.8,0.0
2009-06-27 06:00:00,0.79,0.0
2009-06-27 07:00:00,0.78,0.0
2009-06-27 08:00:00,0.78,0.0
2009-06-27 09:00:00,0.78,0.0
2009-06-27 10:00:00,0.78,0.0
2009-06-27 11:00:00,0.78,0.0
2009-06-27 12:00:00,0.78,0.0
2009-06-27 13:00:00,0.78,0.0
2009-06-27 14:00:00,0.78,0.0
2009-06-27 15:00:00,0.78,0.0
2009-06-27 16:00:00,0.78,0.0
2009-06-27 17:00:00,0.78,0.0
2009-06-27 18:00:00,0.78,0.0
2009-06-27 19:00:00,0.78,0.005
2009-06-27 20:00:00,0.78,0.026
2009-06-27 21:00:00,0.78,0.038
2009-06-27 22:00:00,0.78,0.038
2009-06-27 23:00:00,0.78,0.038
2009-06-28 00:00:00,0.78,0.076
2009-06-28 01:00:00,0.78,0.086
2009-06-28 02:00:00,0.78,0.109
2009-06-28 03:00:00,0.78,0.213
2009-06-28 04:00:00,0.78,0.276
2009-06-28 05:00:00,0.78,0.288
2009-06-28 06:00:00,0.78,0.297
2009-06-28 07:00:00,0.78,0.642
2009-06-28 08:00:00,0.78,1.799
2009-06-28 09:00:00,0.78,1.236
2009-06-28 10:00:00,0.78,2.138
2009-06-28 11:00:00,0.78,0.921
2009-06-28 12:00:00,0.78,0.497
2009-06-28 13:00:00,0.78,0.685
2009-06-28 14:00:00,0.78,0.828
2009-06-28 15:00:00,0.78,0.41
2009-06-28 16:00:00,0.78,0.0
2009-06-28 17:00:00,0.78,0.0
2009-06-28 18:00:00,0.78,0.0
2009-06-28 19:00:00,0.78,0.0
2009-06-28 20:00:00,0.78,0.0
2009-06-28 21:00:00,0.78,0.0
2009-06-28 22:00:00,0.77,0.0
2009-06-28 23:00:00,0.75,0.0
2009-06-29 00:00:00,0.73,0.0
2009-06-29 01:00:00,0.71,0.0
2009-06-29 02:00:00,0.68,0.0
2009-06-29 03:00:00,0.65,0.0
2009-06-29 04:00:00,0.63,0.0
2009-06-29 05:00:00,0.61,0.0
2009-06-29 06:00:00,0.59,0.0
2009-06-29 07:00:00,0.58,0.0
2009-06-29 08:00:00,0.58,0.0
2009-06-29 09:00:00,0.58,0.0
2009-06-29 10:00:00,0.58,0.0
2009-06-29 11:00:00,0.58,0.0
2009-06-29 12:00:00,0.58,0.0
2009-06-29 13:00:00,0.58,0.0
2009-06-29 14:00:00,0.58,0.0
2009-06-29 15:00:00,0.58,0.0
2009-06-29 16:00:00,0.58,0.0
2009-06-29 17:00:00,0.58,0.0
2009-06-29 18:00:00,0.58,0.0
2009-06-29 19:00:00,0.58,0.0
2009-06-29 20:00:00,0.58,0.0
2009-06-29 21:00:00,0.58,0.0
2009-06-29 22:00:00,0.58,0.0
2009-06-29 23:00:00,0.58,0.0
2009-06-30 00:00:00,0.58,0.0
2009-06-30 01:00:00,0.58,0.0
2009-06-30 02:00:00,0.58,0.0
2009-06-30 03:00:00,0.58,0.0
2009-06-30 04:00:00,0.58,0.0
2009-06-30 05:00:00,0.58,0.0
2009-06-30 06:00:00,0.58,0.0
2009-06-30 07:00:00,0.58,0.0
2009-06-30 08:00:00,0.58,0.0
2009-06-30 09:00:00,0.58,0.0
2009-06-30 10:00:00,0.58,0.0
2009-06-30 11:00:00,0.58,0.0
2009-06-30 12:00:00,0.58,0.0
2009-06-30 13:00:00,0.58,0.0
2009-06-30 14:00:00,0.58,0.0
2009-06-30 15:00:00,0.58,0.0
2009-06-30 16:00:00,0.58,0.0
2009-06-30 17:00:00,0.58,0.0
2009-06-30 18:00:00,0.58,0.0
2009-06-30 19:00:00,0.58,0.0
2009-06-30 20:00:00,0.58,0.0
2009-06-30 21:00:00,0.58,0.0
2009-06-30 22:00:00,0.58,0.0
2009-06-30 23:00:00,0.58,0.0
2009-07-01 00:00:00,0.58,0.0
2009-07-01 01:00:00,0.58,0.0
2009-07-01 02:00:00,0.58,0.0
2009-07-01 03:00:00,0.58,0.0
2009-07-01 04:00:00,0.58,0.0
2009-07-01 05:00:00,0.58,0.0
2009-07-01 06:00:00,0.58,0.0
2009-07-01 07:00:00,0.58,0.0
2009-07-01 08:00:00,0.58,0.0
2009-07-01 09:00:00,0.58,0.0
2009-07-01 10:00:00,0.57,0.0
2009-07-01 11:00:00,0.57,0.0
2009-07-01 12:00:00,0.57,0.0
2009-07-01 13:00:00,0.56,0.0
2009-07-01 14:00:00,0.55,0.0
2009-07-01 15:00:00,0.55,0.0
2009-07-01 16:00:00,0.54,0.0
2009-07-01 17:00:00,0.54,0.0
2009-07-01 18:00:00,0.53,0.0
2009-07-01 19:00:00,0.52,0.0
2009-07-01 20:00:00,0.52,0.0
2009-07-01 21:00:00,0.51,0.0
2009-07-01 22:00:00,0.51,0.0
2009-07-01 23:00:00,0.5,0.0
2009-07-02 00:00:00,0.5,0.0
2009-07-02 01:00:00,0.49,0.0
2009-07-02 02:00:00,0.48,0.0
2009-07-02 03:00:00,0.48,0.0
2009-07-02 04:00:00,0.47,0.0
2009-07-02 05:00:00,0.47,0.0
2009-07-02 06:00:00,0.47,0.0
2009-07-02 07:00:00,0.46,0.0
2009-07-02 08:00:00,0.46,0.0
2009-07-02 09:00:00,0.46,0.0
2009-07-02 10:00:00,0.46,0.0
2009-07-02 11:00:00,0.46,0.0
2009-07-02 12:00:00,0.46,0.0
2009-07-02 13:00:00,0.46,0.0
2009-07-02 14:00:00,0.46,0.0
2009-07-02 15:00:00,0.46,0.0
2009-07-02 16:00:00,0.46,0.0
2009-07-02 17:00:00,0.46,0.0
2009-07-02 18:00:00,0.46,0.0
2009-07-02 19:00:00,0.46,0.0
2009-07-02 20:00:00,0.46,0.0
2009-07-02 21:00:00,0.46,0.0
2009-07-02 22:00:00,0.46,0.0
2009-07-02 23:00:00,0.46,0.0
2009-07-03 00:00:00,0.46,0.0
2009-07-03 01:00:00,0.46,0.0
2009-07-03 02:00:00,0.46,0.0
2009-07-03 03:00:00,0.46,0.0
2009-07-03 04:00:00,0.46,0.0
2009-07-03 05:00:00,0.46,0.0
2009-07-03 06:00:00,0.46,0.0
2009-07-03 07:00:00,0.46,0.0
2009-07-03 08:00:00,0.46,0.0
2009-07-03 09:00:00,0.46,0.0
2009-07-03 10:00:00,0.46,0.0
2009-07-03 11:00:00,0.46,0.0
2009-07-03 12:00:00,0.46,0.0
2009-07-03 13:00:00,0.46,0.0
2009-07-03 14:00:00,0.46,0.0
2009-07-03 15:00:00,0.46,0.0
2009-07-03 16:00:00,0.46,0.0
2009-07-03 17:00:00,0.46,0.0
2009-07-03 18:00:00,0.46,0.0
2009-07-03 19:00:00,0.46,0.0
2009-07-03 20:00:00,0.46,0.0
2009-07-03 21:00:00,0.52,0.0
2009-07-03 22:00:00,0.67,0.0
2009-07-03 23:00:00,0.9,0.0
2009-07-04 00:00:00,1.19,0.0
2009-07-04 01:00:00,1.52,0.0
2009-07-04 02:00:00,1.87,0.0
2009-07-04 03:00:00,2.22,0.0
2009-07-04 04:00:00,2.55,0.0
2009-07-04 05:00:00,2.84,0.0
2009-07-04 06:00:00,3.07,0.0
2009-07-04 07:00:00,3.22,0.0
2009-07-04 08:00:00,3.28,0.0
2009-07-04 09:00:00,3.28,0.0
2009-07-04 10:00:00,3.28,0.0
2009-07-04 11:00:00,3.28,0.0
2009-07-04 12:00:00,3.28,0.0
2009-07-04 13:00:00,3.28,0.0
2009-07-04 14:00:00,3.28,0.0
2009-07-04 15:00:00,3.28,0.0
2009-07-04 16:00:00,3.28,0.0
2009-07-04 17:00:00,3.28,0.0
2009-07-04 18:00:00,3.28,0.0
2009-07-04 19:00:00,3.28,0.0
2009-07-04 20:00:00,3.28,0.0
2009-07-04 21:00:00,3.24,0.0
2009-07-04 22:00:00,3.13,0.0
2009-07-04 23:00:00,2.97,0.0
2009-07-05 00:00:00,2.77,0.0
2009-07-05 01:00:00,2.54,0.0
2009-07-05 02:00:00,2.3,0.0
2009-07-05 03:00:00,2.05,0.0
2009-07-05 04:00:00,1.82,0.0
2009-07-05 05:00:00,1.62,0.0
2009-07-05 06:00:00,1.46,0.0
2009-07-05 07:00:00,1.35,0.0
2009-07-05 08:00:00,1.31,0.0
2009-07-05 09:00:00,1.31,0.0
2009-07-05 10:00:00,1.31,0.0
2009-07-05 11:00:00,1.31,0.0
2009-07-05 12:00:00,1.31,0.0
2009-07-05 13:00:00,1.31,0.0
2009-07-05 14:00:00,1.31,0.0
2009-07-05 15:00:00,1.31,0.0
2009-07-05 16:00:00,1.31,0.0
2009-07-05 17:00:00,1.31,0.0
2009-07-05 18:00:00,1.31,0.0
2009-07-05 19:00:00,1.31,0.0
2009-07-05 20:00:00,1.31,0.0
2009-07-05 21:00:00,1.31,0.0
2009-07-05 22:00:00,1.31,0.0
2009-07-05 23:00:00,1.31,0.0
2009-07-06 00:00:00,1.31,0.0
2009-07-06 01:00:00,1.31,0.0
2009-07-06 02:00:00,1.31,0.0
2009-07-06 03:00:00,1.31,0.0
2009-07-06 04:00:00,1.31,0.0
2009-07-06 05:00:00,1.31,0.0
2009-07-06 06:00:00,1.31,0.0
2009-07-06 07:00:00,1.31,0.0
2009-07-06 08:00:00,1.31,0.0
2009-07-06 09:00:00,1.31,0.0
2009-07-06 10:00:00,1.31,0.0
2009-07-06 11:00:00,1.31,0.0
2009-07-06 12:00:00,1.31,0.0
2009-07-06 13:00:00,1.31,0.0
2009-07-06 14:00:00,1.31,0.0
2009-07-06 15:00:00,1.31,0.0
2009-07-06 16:00:00,1.31,0.0
2009-07-06 17:00:00,1.31,0.0
2009-07-06 18:00:00,1.31,0.0
2009-07-06 19:00:00,1.31,0.0
2009-07-06 20:00:00,1.31,0.0
2009-07-06 21:00:00,1.3,0.0
2009-07-06 22:00:00,1.26,0.0
2009-07-06 23:00:00,1.21,0.018
2009-07-07 00:00:00,1.14,0.024
2009-07-07 01:00:00,1.06,0.024
2009-07-07 02:00:00,0.97,0.024
2009-07-07 03:00:00,0.89,0.024
2009-07-07 04:00:00,0.81,0.006
2009-07-07 05:00:00,0.74,0.003
2009-07-07 06:00:00,0.69,0.046
2009-07-07 07:00:00,0.65,0.046
2009-07-07 08:00:00,0.64,0.046
2009-07-07 09:00:00,0.64,0.046
2009-07-07 10:00:00,0.64,0.043
2009-07-07 11:00:00,0.64,0.0
2009-07-07 12:00:00,0.64,0.0
2009-07-07 13:00:00,0.64,0.0
2009-07-07 14:00:00,0.64,0.0
2009-07-07 15:00:00,0.64,0.0
2009-07-07 16:00:00,0.64,0.0
2009-07-07 17:00:00,0.64,0.0
2009-07-07 18:00:00,0.64,0.0
2009-07-07 19:00:00,0.64,0.0
2009-07-07 20:00:00,0.64,0.0
2009-07-07 21:00:00,0.64,0.0
2009-07-07 22:00:00,0.64,0.0
2009-07-07 23:00:00,0.64,0.0
2009-07-08 00:00:00,0.64,0.0
2009-07-08 01:00:00,0.64,0.0
2009-07-08 02:00:00,0.64,0.0
2009-07-08 03:00:00,0.64,0.0
2009-07-08 04:00:00,0.64,0.0
2009-07-08 05:00:00,0.64,0.204
2009-07-08 06:00:00,0.64,0.303
2009-07-08 07:00:00,0.64,1.028
2009-07-08 08:00:00,0.64,1.328
2009-07-08 09:00:00,0.64,1.524
2009-07-08 10:00:00,0.64,1.41
2009-07-08 11:00:00,0.64,1.362
2009-07-08 12:00:00,0.64,1.292
2009-07-08 13:00:00,0.64,1.191
2009-07-08 14:00:00,0.64,0.529
2009-07-08 15:00:00,0.64,0.501
2009-07-08 16:00:00,0.64,0.944
2009-07-08 17:00:00,0.64,1.81
2009-07-08 18:00:00,0.64,2.899
2009-07-08 19:00:00,0.64,0.859
2009-07-08 20:00:00,0.64,0.126
2009-07-08 21:00:00,0.64,0.087
2009-07-08 22:00:00,0.63,0.047
2009-07-08 23:00:00,0.63,0.0
2009-07-09 00:00:00,0.62,0.0
2009-07-09 01:00:00,0.62,0.0
2009-07-09 02:00:00,0.61,0.0
2009-07-09 03:00:00,0.6,0.011
2009-07-09 04:00:00,0.59,0.028
2009-07-09 05:00:00,0.59,0.028
2009-07-09 06:00:00,0.58,0.028
2009-07-09 07:00:00,0.58,0.028
2009-07-09 08:00:00,0.58,0.017
2009-07-09 09:00:00,0.58,0.0
2009-07-09 10:00:00,0.58,0.0
2009-07-09 11:00:00,0.58,0.0
2009-07-09 12:00:00,0.58,0.0
2009-07-09 13:00:00,0.58,0.0
2009-07-09 14:00:00,0.58,0.0
2009-07-09 15:00:00,0.58,0.0
2009-07-09 16:00:00,0.58,0.0
2009-07-09 17:00:00,0.58,0.0
2009-07-09 18:00:00,0.58,0.0
2009-07-09 19:00:00,0.58,0.0
2009-07-09 20:00:00,0.58,0.0
2009-07-09 21:00:00,0.58,0.0
2009-07-09 22:00:00,0.59,0.0
2009-07-09 23:00:00,0.61,0.0
2009-07-10 00:00:00,0.63,0.0
2009-07-10 01:00:00,0.65,0.099
2009-07-10 02:00:00,0.68,0.159
2009-07-10 03:00:00,0.71,0.297
2009-07-10 04:00:00,0.73,0.309
2009-07-10 05:00:00,0.75,0.309
2009-07-10 06:00:00,0.77,0.614
2009-07-10 07:00:00,0.78,0.818
2009-07-10 08:00:00,0.78,1.436
2009-07-10 09:00:00,0.78,1.195
2009-07-10 10:00:00,0.78,0.553
2009-07-10 11:00:00,0.78,0.542
2009-07-10 12:00:00,0.78,0.955
2009-07-10 13:00:00,0.78,0.898
2009-07-10 14:00:00,0.78,0.466
2009-07-10 15:00:00,0.78,0.386
2009-07-10 16:00:00,0.78,0.556
2009-07-10 17:00:00,0.78,0.388
2009-07-10 18:00:00,0.78,0.221
2009-07-10 19:00:00,0.78,0.192
2009-07-10 20:00:00,0.78,0.192
2009-07-10 21:00:00,0.78,0.187
2009-07-10 22:00:00,0.77,0.166
2009-07-10 23:00:00,0.75,0.18
2009-07-11 00:00:00,0.73,0.302
2009-07-11 01:00:00,0.71,0.158
2009-07-11 02:00:00,0.68,0.009
2009-07-11 03:00:00,0.65,0.009
2009-07-11 04:00:00,0.63,0.009
2009-07-11 05:00:00,0.61,0.009
2009-07-11 06:00:00,0.59,0.009
2009-07-11 07:00:00,0.58,0.007
2009-07-11 08:00:00,0.58,0.0
2009-07-11 09:00:00,0.58,0.0
2009-07-11 10:00:00,0.58,0.0
2009-07-11 11:00:00,0.58,0.0
2009-07-11 12:00:00,0.58,0.0
2009-07-11 13:00:00,0.58,0.0
2009-07-11 14:00:00,0.58,0.0
2009-07-11 15:00:00,0.58,0.0
2009-07-11 16:00:00,0.58,0.0
2009-07-11 17:00:00,0.58,0.0
2009-07-11 18:00:00,0.58,0.0
2009-07-11 19:00:00,0.58,0.0
2009-07-11 20:00:00,0.58,0.0
2009-07-11 21:00:00,0.58,0.0
2009-07-11 22:00:00,0.58,0.0
2009-07-11 23:00:00,0.59,0.0
2009-07-12 00:00:00,0.59,0.0
2009-07-12 01:00:00,0.6,0.0
2009-07-12 02:00:00,0.61,0.0
2009-07-12 03:00:00,0.62,0.0
2009-07-12 04:00:00,0.62,0.0
2009-07-12 05:00:00,0.63,0.0
2009-07-12 06:00:00,0.63,0.0
2009-07-12 07:00:00,0.64,0.0
2009-07-12 08:00:00,0.64,0.0
2009-07-12 09:00:00,0.64,0.0
2009-07-12 10:00:00,0.64,0.0
2009-07-12 11:00:00,0.64,0.0
2009-07-12 12:00:00,0.64,0.0
2009-07-12 13:00:00,0.64,0.0
2009-07-12 14:00:00,0.64,0.0
2009-07-12 15:00:00,0.64,0.004
2009-07-12 16:00:00,0.64,0.032
2009-07-12 17:00:00,0.64,0.032
2009-07-12 18:00:00,0.64,0.032
2009-07-12 19:00:00,0.64,0.032
2009-07-12 20:00:00,0.64,0.082
2009-07-12 21:00:00,0.64,0.149
2009-07-12 22:00:00,0.65,0.204
2009-07-12 23:00:00,0.66,0.247
2009-07-13 00:00:00,0.68,0.262
2009-07-13 01:00:00,0.69,0.49
2009-07-13 02:00:00,0.71,0.51
2009-07-13 03:00:00,0.73,0.533
2009-07-13 04:00:00,0.74,0.746
2009-07-13 05:00:00,0.76,0.847
2009-07-13 06:00:00,0.77,2.393
2009-07-13 07:00:00,0.78,1.188
2009-07-13 08:00:00,0.78,1.114
2009-07-13 09:00:00,0.78,0.475
2009-07-13 10:00:00,0.78,0.043
2009-07-13 11:00:00,0.78,0.0
2009-07-13 12:00:00,0.78,0.0
2009-07-13 13:00:00,0.78,0.0
2009-07-13 14:00:00,0.78,0.0
2009-07-13 15:00:00,0.78,0.0
2009-07-13 16:00:00,0.78,0.0
2009-07-13 17:00:00,0.78,0.0
2009-07-13 18:00:00,0.78,0.0
2009-07-13 19:00:00,0.78,0.0
2009-07-13 20:00:00,0.78,0.0
2009-07-13 21:00:00,0.78,0.0
2009-07-13 22:00:00,0.78,0.0
2009-07-13 23:00:00,0.78,0.0
2009-07-14 00:00:00,0.78,0.0
2009-07-14 01:00:00,0.78,0.0
2009-07-14 02:00:00,0.78,0.0
2009-07-14 03:00:00,0.78,0.0
2009-07-14 04:00:00,0.78,0.0
2009-07-14 05:00:00,0.78,0.0
2009-07-14 06:00:00,0.78,0.0
2009-07-14 07:00:00,0.78,0.0
2009-07-14 08:00:00,0.78,0.0
2009-07-14 09:00:00,0.78,0.0
2009-07-14 10:00:00,0.78,0.0
2009-07-14 11:00:00,0.78,0.0
2009-07-14 12:00:00,0.78,0.0
2009-07-14 13:00:00,0.78,0.0
2009-07-14 14:00:00,0.78,0.0
2009-07-14 15:00:00,0.78,0.0
2009-07-14 16:00:00,0.78,0.0
2009-07-14 17:00:00,0.78,0.0
2009-07-14 18:00:00,0.78,0.0
2009-07-14 19:00:00,0.78,0.0
2009-07-14 20:00:00,0.78,0.0
2009-07-14 21:00:00,0.78,0.0
2009-07-14 22:00:00,0.78,0.0
2009-07-14 23:00:00,0.78,0.0
2009-07-15 00:00:00,0.78,0.0
2009-07-15 01:00:00,0.78,0.017
2009-07-15 02:00:00,0.78,0.017
2009-07-15 03:00:00,0.78,0.021
2009-07-15 04:00:00,0.78,0.042
2009-07-15 05:00:00,0.78,0.079
2009-07-15 06:00:00,0.78,0.111
2009-07-15 07:00:00,0.78,0.126
2009-07-15 08:00:00,0.78,0.122
2009-07-15 09:00:00,0.78,0.133
2009-07-15 10:00:00,0.78,0.846
2009-07-15 11:00:00,0.78,0.102
2009-07-15 12:00:00,0.78,0.077
2009-07-15 13:00:00,0.78,0.067
2009-07-15 14:00:00,0.78,0.056
2009-07-15 15:00:00,0.78,0.005
2009-07-15 16:00:00,0.78,0.0
2009-07-15 17:00:00,0.78,0.0
2009-07-15 18:00:00,0.78,0.0
2009-07-15 19:00:00,0.78,0.0
2009-07-15 20:00:00,0.78,0.0
2009-07-15 21:00:00,0.78,0.0
2009-07-15 22:00:00,0.78,0.0
2009-07-15 23:00:00,0.78,0.0
2009-07-16 00:00:00,0.78,0.0
2009-07-16 01:00:00,0.78,0.0
2009-07-16 02:00:00,0.78,0.0
2009-07-16 03:00:00,0.78,0.0
2009-07-16 04:00:00,0.78,0.0
2009-07-16 05:00:00,0.78,0.011
2009-07-16 06:00:00,0.78,0.017
2009-07-16 07:00:00,0.78,0.017
2009-07-16 08:00:00,0.78,0.017
2009-07-16 09:00:00,0.78,0.017
2009-07-16 10:00:00,0.78,0.006
2009-07-16 11:00:00,0.78,0.0
2009-07-16 12:00:00,0.78,0.0
2009-07-16 13:00:00,0.78,0.0
2009-07-16 14:00:00,0.78,0.0
2009-07-16 15:00:00,0.78,0.0
2009-07-16 16:00:00,0.78,0.01
2009-07-16 17:00:00,0.78,0.03
2009-07-16 18:00:00,0.78,0.054
2009-07-16 19:00:00,0.78,0.067
2009-07-16 20:00:00,0.78,0.07
2009-07-16 21:00:00,0.78,0.25
2009-07-16 22:00:00,0.78,0.251
2009-07-16 23:00:00,0.78,0.494
2009-07-17 00:00:00,0.78,0.065
2009-07-17 01:00:00,0.78,0.054
2009-07-17 02:00:00,0.78,0.054
2009-07-17 03:00:00,0.78,0.064
2009-07-17 04:00:00,0.78,0.084
2009-07-17 05:00:00,0.78,0.077
2009-07-17 06:00:00,0.78,0.101
2009-07-17 07:00:00,0.78,0.132
2009-07-17 08:00:00,0.78,0.248
2009-07-17 09:00:00,0.78,0.069
2009-07-17 10:00:00,0.78,0.117
2009-07-17 11:00:00,0.78,0.115
2009-07-17 12:00:00,0.78,0.087
2009-07-17 13:00:00,0.78,0.326
2009-07-17 14:00:00,0.78,0.036
2009-07-17 15:00:00,0.78,0.009
2009-07-17 16:00:00,0.78,0.009
2009-07-17 17:00:00,0.78,0.009
2009-07-17 18:00:00,0.78,0.009
2009-07-17 19:00:00,0.78,0.009
2009-07-17 20:00:00,0.78,0.004
2009-07-17 21:00:00,0.78,0.0
2009-07-17 22:00:00,0.79,0.0
2009-07-17 23:00:00,0.81,0.0
2009-07-18 00:00:00,0.82,0.0
2009-07-18 01:00:00,0.84,0.0
2009-07-18 02:00:00,0.86,0.0
2009-07-18 03:00:00,0.88,0.0
2009-07-18 04:00:00,0.9,0.0
2009-07-18 05:00:00,0.92,0.0
2009-07-18 06:00:00,0.93,0.0
2009-07-18 07:00:00,0.94,0.0
2009-07-18 08:00:00,0.94,0.0
2009-07-18 09:00:00,0.94,0.0
2009-07-18 10:00:00,0.94,0.0
2009-07-18 11:00:00,0.94,0.0
2009-07-18 12:00:00,0.94,0.0
2009-07-18 13:00:00,0.94,0.0
2009-07-18 14:00:00,0.94,0.0
2009-07-18 15:00:00,0.94,0.0
2009-07-18 16:00:00,0.94,0.0
2009-07-18 17:00:00,0.94,0.0
2009-07-18 18:00:00,0.94,0.0
2009-07-18 19:00:00,0.94,0.0
2009-07-18 20:00:00,0.94,0.0
2009-07-18 21:00:00,0.94,0.0
2009-07-18 22:00:00,0.94,0.0
2009-07-18 23:00:00,0.93,0.0
2009-07-19 00:00:00,0.92,0.0
2009-07-19 01:00:00,0.91,0.0
2009-07-19 02:00:00,0.9,0.0
2009-07-19 03:00:00,0.89,0.0
2009-07-19 04:00:00,0.88,0.0
2009-07-19 05:00:00,0.87,0.0
2009-07-19 06:00:00,0.87,0.0
2009-07-19 07:00:00,0.86,0.0
2009-07-19 08:00:00,0.86,0.0
2009-07-19 09:00:00,0.86,0.0
2009-07-19 10:00:00,0.86,0.0
2009-07-19 11:00:00,0.86,0.0
2009-07-19 12:00:00,0.86,0.0
2009-07-19 13:00:00,0.86,0.0
2009-07-19 14:00:00,0.86,0.0
2009-07-19 15:00:00,0.86,0.0
2009-07-19 16:00:00,0.86,0.0
2009-07-19 17:00:00,0.86,0.0
2009-07-19 18:00:00,0.86,0.0
2009-07-19 19:00:00,0.86,0.0
2009-07-19 20:00:00,0.86,0.0
2009-07-19 21:00:00,0.86,0.0
2009-07-19 22:00:00,0.85,0.02
2009-07-19 23:00:00,0.84,0.039
2009-07-20 00:00:00,0.82,0.04
2009-07-20 01:00:00,0.8,0.04
2009-07-20 02:00:00,0.78,0.04
2009-07-20 03:00:00,0.76,0.229
2009-07-20 04:00:00,0.75,0.079
2009-07-20 05:00:00,0.73,0.0
2009-07-20 06:00:00,0.72,0.0
2009-07-20 07:00:00,0.71,0.0
2009-07-20 08:00:00,0.71,0.0
2009-07-20 09:00:00,0.71,0.0
2009-07-20 10:00:00,0.71,0.0
2009-07-20 11:00:00,0.71,0.0
2009-07-20 12:00:00,0.71,0.0
2009-07-20 13:00:00,0.71,0.0
2009-07-20 14:00:00,0.71,0.0
2009-07-20 15:00:00,0.71,0.0
2009-07-20 16:00:00,0.71,0.0
2009-07-20 17:00:00,0.71,0.0
2009-07-20 18:00:00,0.71,0.0
2009-07-20 19:00:00,0.71,0.0
2009-07-20 20:00:00,0.71,0.0
2009-07-20 21:00:00,0.71,0.0
2009-07-20 22:00:00,0.71,0.0
2009-07-20 23:00:00,0.71,0.0
2009-07-21 00:00:00,0.71,0.0
2009-07-21 01:00:00,0.71,0.0
2009-07-21 02:00:00,0.71,0.0
2009-07-21 03:00:00,0.71,0.0
2009-07-21 04:00:00,0.71,0.0
2009-07-21 05:00:00,0.71,0.0
2009-07-21 06:00:00,0.71,0.0
2009-07-21 07:00:00,0.71,0.0
2009-07-21 08:00:00,0.71,0.0
2009-07-21 09:00:00,0.71,0.023
2009-07-21 10:00:00,0.71,0.069
2009-07-21 11:00:00,0.71,0.082
2009-07-21 12:00:00,0.71,0.082
2009-07-21 13:00:00,0.71,0.082
2009-07-21 14:00:00,0.71,0.503
2009-07-21 15:00:00,0.71,0.774
2009-07-21 16:00:00,0.71,0.038
2009-07-21 17:00:00,0.71,0.012
2009-07-21 18:00:00,0.71,0.012
2009-07-21 19:00:00,0.71,0.012
2009-07-21 20:00:00,0.71,0.016
2009-07-21 21:00:00,0.71,0.02
2009-07-21 22:00:00,0.71,0.028
2009-07-21 23:00:00,0.71,0.051
2009-07-22 00:00:00,0.71,0.06
2009-07-22 01:00:00,0.71,0.064
2009-07-22 02:00:00,0.71,0.19
2009-07-22 03:00:00,0.71,0.15
2009-07-22 04:00:00,0.71,0.164
2009-07-22 05:00:00,0.71,0.139
2009-07-22 06:00:00,0.71,0.13
2009-07-22 07:00:00,0.71,0.085
2009-07-22 08:00:00,0.71,0.031
2009-07-22 09:00:00,0.71,0.023
2009-07-22 10:00:00,0.71,0.022
2009-07-22 11:00:00,0.71,0.007
2009-07-22 12:00:00,0.71,0.005
2009-07-22 13:00:00,0.71,0.005
2009-07-22 14:00:00,0.71,0.001
2009-07-22 15:00:00,0.71,0.0
2009-07-22 16:00:00,0.71,0.02
2009-07-22 17:00:00,0.71,0.048
2009-07-22 18:00:00,0.71,0.048
2009-07-22 19:00:00,0.71,0.053
2009-07-22 20:00:00,0.71,0.056
2009-07-22 21:00:00,0.71,0.036
2009-07-22 22:00:00,0.71,0.008
2009-07-22 23:00:00,0.71,0.008
2009-07-23 00:00:00,0.71,0.004
2009-07-23 01:00:00,0.71,0.0
2009-07-23 02:00:00,0.71,0.0
2009-07-23 03:00:00,0.71,0.0
2009-07-23 04:00:00,0.71,0.0
2009-07-23 05:00:00,0.71,0.0
2009-07-23 06:00:00,0.71,0.0
2009-07-23 07:00:00,0.71,0.0
2009-07-23 08:00:00,0.71,0.0
2009-07-23 09:00:00,0.71,0.0
2009-07-23 10:00:00,0.71,0.0
2009-07-23 11:00:00,0.71,0.0
2009-07-23 12:00:00,0.71,0.0
2009-07-23 13:00:00,0.71,0.0
2009-07-23 14:00:00,0.71,0.0
2009-07-23 15:00:00,0.71,0.0
2009-07-23 16:00:00,0.71,0.0
2009-07-23 17:00:00,0.71,0.0
2009-07-23 18:00:00,0.71,0.0
2009-07-23 19:00:00,0.71,0.0
2009-07-23 20:00:00,0.71,0.0
2009-07-23 21:00:00,0.71,0.0
2009-07-23 22:00:00,0.71,0.0
2009-07-23 23:00:00,0.71,0.0
2009-07-24 00:00:00,0.71,0.0
2009-07-24 01:00:00,0.71,0.0
2009-07-24 02:00:00,0.71,0.0
2009-07-24 03:00:00,0.71,0.0
2009-07-24 04:00:00,0.71,0.0
2009-07-24 05:00:00,0.71,0.0
2009-07-24 06:00:00,0.71,0.0
2009-07-24 07:00:00,0.71,0.0
2009-07-24 08:00:00,0.71,0.0
2009-07-24 09:00:00,0.71,0.0
2009-07-24 10:00:00,0.71,0.0
2009-07-24 11:00:00,0.71,0.0
2009-07-24 12:00:00,0.71,0.0
2009-07-24 13:00:00,0.71,0.0
2009-07-24 14:00:00,0.71,0.0
2009-07-24 15:00:00,0.71,0.0
2009-07-24 16:00:00,0.71,0.0
2009-07-24 17:00:00,0.71,0.0
2009-07-24 18:00:00,0.71,0.0
2009-07-24 19:00:00,0.71,0.0
2009-07-24 20:00:00,0.71,0.0
2009-07-24 21:00:00,0.71,0.0
2009-07-24 22:00:00,0.71,0.0
2009-07-24 23:00:00,0.71,0.0
2009-07-25 00:00:00,0.71,0.0
2009-07-25 01:00:00,0.71,0.0
2009-07-25 02:00:00,0.71,0.0
2009-07-25 03:00:00,0.71,0.0
2009-07-25 04:00:00,0.71,0.0
2009-07-25 05:00:00,0.71,0.0
2009-07-25 06:00:00,0.71,0.0
2009-07-25 07:00:00,0.71,0.0
2009-07-25 08:00:00,0.71,0.0
2009-07-25 09:00:00,0.71,0.0
2009-07-25 10:00:00,0.71,0.0
2009-07-25 11:00:00,0.71,0.0
2009-07-25 12:00:00,0.71,0.0
2009-07-25 13:00:00,0.71,0.0
2009-07-25 14:00:00,0.71,0.0
2009-07-25 15:00:00,0.71,0.0
2009-07-25 16:00:00,0.71,0.0
2009-07-25 17:00:00,0.71,0.0
2009-07-25 18:00:00,0.71,0.0
2009-07-25 19:00:00,0.71,0.0
2009-07-25 20:00:00,0.71,0.0
2009-07-25 21:00:00,0.71,0.0
2009-07-25 22:00:00,0.71,0.0
2009-07-25 23:00:00,0.71,0.0
2009-07-26 00:00:00,0.71,0.0
2009-07-26 01:00:00,0.71,0.0
2009-07-26 02:00:00,0.71,0.0
2009-07-26 03:00:00,0.71,0.0
2009-07-26 04:00:00,0.71,0.013
2009-07-26 05:00:00,0.71,0.017
2009-07-26 06:00:00,0.71,0.036
2009-07-26 07:00:00,0.71,0.068
2009-07-26 08:00:00,0.71,0.095
2009-07-26 09:00:00,0.71,0.233
2009-07-26 10:00:00,0.71,0.272
2009-07-26 11:00:00,0.71,0.377
2009-07-26 12:00:00,0.71,0.722
2009-07-26 13:00:00,0.71,1.494
2009-07-26 14:00:00,0.71,3.756
2009-07-26 15:00:00,0.71,0.954
2009-07-26 16:00:00,0.71,0.439
2009-07-26 17:00:00,0.71,0.442
2009-07-26 18:00:00,0.71,0.462
2009-07-26 19:00:00,0.71,0.373
2009-07-26 20:00:00,0.71,0.249
2009-07-26 21:00:00,0.71,0.214
2009-07-26 22:00:00,0.71,0.1
2009-07-26 23:00:00,0.72,0.044
2009-07-27 00:00:00,0.73,0.037
2009-07-27 01:00:00,0.74,0.023
2009-07-27 02:00:00,0.76,0.002
2009-07-27 03:00:00,0.78,0.0
2009-07-27 04:00:00,0.79,0.0
2009-07-27 05:00:00,0.82,0.0
2009-07-27 06:00:00,0.84,0.0
2009-07-27 07:00:00,0.86,0.0
2009-07-27 08:00:00,0.89,0.0
2009-07-27 09:00:00,0.91,0.02
2009-07-27 10:00:00,0.94,0.024
2009-07-27 11:00:00,0.97,0.024
2009-07-27 12:00:00,1.0,0.024
2009-07-27 13:00:00,1.02,0.024
2009-07-27 14:00:00,1.05,0.004
2009-07-27 15:00:00,1.08,0.0
2009-07-27 16:00:00,1.11,0.0
2009-07-27 17:00:00,1.14,0.0
2009-07-27 18:00:00,1.17,0.0
2009-07-27 19:00:00,1.19,0.0
2009-07-27 20:00:00,1.22,0.0
2009-07-27 21:00:00,1.25,0.0
2009-07-27 22:00:00,1.27,0.0
2009-07-27 23:00:00,1.29,0.0
2009-07-28 00:00:00,1.31,0.0
2009-07-28 01:00:00,1.33,0.0
2009-07-28 02:00:00,1.35,0.0
2009-07-28 03:00:00,1.36,0.0
2009-07-28 04:00:00,1.38,0.0
2009-07-28 05:00:00,1.39,0.0
2009-07-28 06:00:00,1.39,0.0
2009-07-28 07:00:00,1.4,0.0
2009-07-28 08:00:00,1.4,0.0
2009-07-28 09:00:00,1.4,0.0
2009-07-28 10:00:00,1.39,0.0
2009-07-28 11:00:00,1.37,0.0
2009-07-28 12:00:00,1.35,0.0
2009-07-28 13:00:00,1.32,0.0
2009-07-28 14:00:00,1.29,0.0
2009-07-28 15:00:00,1.26,0.0
2009-07-28 16:00:00,1.22,0.0
2009-07-28 17:00:00,1.18,0.0
2009-07-28 18:00:00,1.14,0.0
2009-07-28 19:00:00,1.1,0.0
2009-07-28 20:00:00,1.05,0.0
2009-07-28 21:00:00,1.01,0.0
2009-07-28 22:00:00,0.97,0.0
2009-07-28 23:00:00,0.93,0.0
2009-07-29 00:00:00,0.89,0.0
2009-07-29 01:00:00,0.85,0.0
2009-07-29 02:00:00,0.82,0.0
2009-07-29 03:00:00,0.78,0.0
2009-07-29 04:00:00,0.76,0.0
2009-07-29 05:00:00,0.74,0.0
2009-07-29 06:00:00,0.72,0.0
2009-07-29 07:00:00,0.71,0.0
2009-07-29 08:00:00,0.71,0.0
2009-07-29 09:00:00,0.71,0.0
2009-07-29 10:00:00,0.71,0.0
2009-07-29 11:00:00,0.71,0.0
2009-07-29 12:00:00,0.71,0.0
2009-07-29 13:00:00,0.71,0.0
2009-07-29 14:00:00,0.71,0.0
2009-07-29 15:00:00,0.71,0.0
2009-07-29 16:00:00,0.71,0.0
2009-07-29 17:00:00,0.71,0.0
2009-07-29 18:00:00,0.71,0.0
2009-07-29 19:00:00,0.71,0.0
2009-07-29 20:00:00,0.71,0.0
2009-07-29 21:00:00,0.71,0.0
2009-07-29 22:00:00,0.71,0.0
2009-07-29 23:00:00,0.72,0.0
2009-07-30 00:00:00,0.73,0.0
2009-07-30 01:00:00,0.74,0.0
2009-07-30 02:00:00,0.75,0.0
2009-07-30 03:00:00,0.77,0.0
2009-07-30 04:00:00,0.78,0.0
2009-07-30 05:00:00,0.8,0.0
2009-07-30 06:00:00,0.82,0.0
2009-07-30 07:00:00,0.84,0.0
2009-07-30 08:00:00,0.87,0.0
2009-07-30 09:00:00,0.89,0.008
2009-07-30 10:00:00,0.92,0.017
2009-07-30 11:00:00,0.94,0.017
2009-07-30 12:00:00,0.97,0.045
2009-07-30 13:00:00,0.99,0.186
2009-07-30 14:00:00,1.02,0.308
2009-07-30 15:00:00,1.05,0.241
2009-07-30 16:00:00,1.08,0.241
2009-07-30 17:00:00,1.1,0.893
2009-07-30 18:00:00,1.13,4.067
2009-07-30 19:00:00,1.16,4.494
2009-07-30 20:00:00,1.18,5.015
2009-07-30 21:00:00,1.21,3.494
2009-07-30 22:00:00,1.23,2.057
2009-07-30 23:00:00,1.26,1.411
2009-07-31 00:00:00,1.28,0.718
2009-07-31 01:00:00,1.3,0.407
2009-07-31 02:00:00,1.32,0.313
2009-07-31 03:00:00,1.34,0.339
2009-07-31 04:00:00,1.35,1.537
2009-07-31 05:00:00,1.37,1.105
2009-07-31 06:00:00,1.38,0.218
2009-07-31 07:00:00,1.39,0.136
2009-07-31 08:00:00,1.4,0.03
2009-07-31 09:00:00,1.41,0.005
2009-07-31 10:00:00,1.41,0.0
2009-07-31 11:00:00,1.42,0.0
2009-07-31 12:00:00,1.42,0.0
2009-07-31 13:00:00,1.43,0.0
2009-07-31 14:00:00,1.43,0.0
2009-07-31 15:00:00,1.43,0.0
2009-07-31 16:00:00,1.44,0.0
2009-07-31 17:00:00,1.44,0.0
2009-07-31 18:00:00,1.44,0.0
2009-07-31 19:00:00,1.44,0.0
2009-07-31 20:00:00,1.45,0.0
2009-07-31 21:00:00,1.45,0.0
2009-07-31 22:00:00,1.45,0.0
2009-07-31 23:00:00,1.46,0.0
2009-08-01 00:00:00,1.46,0.0
2009-08-01 01:00:00,1.46,0.0
2009-08-01 02:00:00,1.47,0.0
2009-08-01 03:00:00,1.47,0.0
2009-08-01 04:00:00,1.48,0.037
2009-08-01 05:00:00,1.48,0.448
2009-08-01 06:00:00,1.49,1.2
2009-08-01 07:00:00,1.5,1.309
2009-08-01 08:00:00,1.51,1.309
2009-08-01 09:00:00,1.54,1.425
2009-08-01 10:00:00,1.62,1.223
2009-08-01 11:00:00,1.73,0.471
2009-08-01 12:00:00,1.88,0.767
2009-08-01 13:00:00,2.05,0.423
2009-08-01 14:00:00,2.24,0.273
2009-08-01 15:00:00,2.45,0.412
2009-08-01 16:00:00,2.67,0.646
2009-08-01 17:00:00,2.89,0.481
2009-08-01 18:00:00,3.11,0.239
2009-08-01 19:00:00,3.31,0.131
2009-08-01 20:00:00,3.51,0.0
2009-08-01 21:00:00,3.69,0.0
2009-08-01 22:00:00,3.86,0.0
2009-08-01 23:00:00,4.03,0.0
2009-08-02 00:00:00,4.18,0.0
2009-08-02 01:00:00,4.33,0.0
2009-08-02 02:00:00,4.48,0.0
2009-08-02 03:00:00,4.62,0.0
2009-08-02 04:00:00,4.76,0.0
2009-08-02 05:00:00,4.89,0.0
2009-08-02 06:00:00,5.02,0.0
2009-08-02 07:00:00,5.16,0.0
2009-08-02 08:00:00,5.29,0.0
2009-08-02 09:00:00,5.43,0.0
2009-08-02 10:00:00,5.57,0.0
2009-08-02 11:00:00,5.71,0.0
2009-08-02 12:00:00,5.86,0.0
2009-08-02 13:00:00,6.02,0.0
2009-08-02 14:00:00,6.18,0.0
2009-08-02 15:00:00,6.36,0.0
2009-08-02 16:00:00,6.54,0.0
2009-08-02 17:00:00,6.73,0.0
2009-08-02 18:00:00,6.93,0.0
2009-08-02 19:00:00,7.15,0.0
2009-08-02 20:00:00,7.38,0.0
2009-08-02 21:00:00,7.62,0.044
2009-08-02 22:00:00,7.88,0.15
2009-08-02 23:00:00,8.16,0.223
2009-08-03 00:00:00,8.46,0.388
2009-08-03 01:00:00,8.77,0.513
2009-08-03 02:00:00,9.11,0.883
2009-08-03 03:00:00,9.46,2.828
2009-08-03 04:00:00,9.84,4.786
2009-08-03 05:00:00,10.24,5.959
2009-08-03 06:00:00,10.67,4.95
2009-08-03 07:00:00,11.12,6.434
2009-08-03 08:00:00,11.6,6.319
2009-08-03 09:00:00,12.3,3.35
2009-08-03 10:00:00,13.66,2.806
2009-08-03 11:00:00,16.0,4.204
2009-08-03 12:00:00,38.43,1.395
2009-08-03 13:00:00,82.21,1.015
2009-08-03 14:00:00,146.6,1.015
2009-08-03 15:00:00,218.7,0.836
2009-08-03 16:00:00,226.0,0.74
2009-08-03 17:00:00,225.23,0.72
2009-08-03 18:00:00,223.08,0.615
2009-08-03 19:00:00,219.78,0.477
2009-08-03 20:00:00,212.0,0.192
2009-08-03 21:00:00,199.82,0.046
2009-08-03 22:00:00,184.6,0.007
2009-08-03 23:00:00,168.0,0.007
2009-08-04 00:00:00,151.65,0.007
2009-08-04 01:00:00,137.21,0.007
2009-08-04 02:00:00,126.31,0.007
2009-08-04 03:00:00,119.94,0.007
2009-08-04 04:00:00,115.52,0.007
2009-08-04 05:00:00,112.06,0.008
2009-08-04 06:00:00,108.92,0.005
2009-08-04 07:00:00,105.44,0.005
2009-08-04 08:00:00,101.0,0.005
2009-08-04 09:00:00,94.56,0.005
2009-08-04 10:00:00,86.36,0.0
2009-08-04 11:00:00,77.67,0.0
2009-08-04 12:00:00,69.76,0.0
2009-08-04 13:00:00,63.9,0.0
2009-08-04 14:00:00,60.38,0.0
2009-08-04 15:00:00,57.41,0.0
2009-08-04 16:00:00,54.84,0.0
2009-08-04 17:00:00,52.57,0.0
2009-08-04 18:00:00,50.56,0.0
2009-08-04 19:00:00,48.71,0.0
2009-08-04 20:00:00,46.97,0.0
2009-08-04 21:00:00,45.25,0.0
2009-08-04 22:00:00,43.48,0.0
2009-08-04 23:00:00,41.6,0.0
2009-08-05 00:00:00,39.5,0.0
2009-08-05 01:00:00,37.19,0.0
2009-08-05 02:00:00,34.81,0.0
2009-08-05 03:00:00,32.46,0.0
2009-08-05 04:00:00,30.27,0.0
2009-08-05 05:00:00,28.36,0.0
2009-08-05 06:00:00,26.85,0.0
2009-08-05 07:00:00,25.86,0.0
2009-08-05 08:00:00,25.5,0.0
2009-08-05 09:00:00,25.5,0.0
2009-08-05 10:00:00,25.5,0.0
2009-08-05 11:00:00,25.5,0.0
2009-08-05 12:00:00,25.5,0.0
2009-08-05 13:00:00,25.5,0.0
2009-08-05 14:00:00,25.5,0.0
2009-08-05 15:00:00,25.5,0.0
2009-08-05 16:00:00,25.5,0.0
2009-08-05 17:00:00,25.5,0.0
2009-08-05 18:00:00,25.5,0.0
2009-08-05 19:00:00,25.5,0.0
2009-08-05 20:00:00,25.5,0.0
2009-08-05 21:00:00,25.27,0.0
2009-08-05 22:00:00,24.65,0.0
2009-08-05 23:00:00,23.7,0.0
2009-08-06 00:00:00,22.52,0.0
2009-08-06 01:00:00,21.17,0.0
2009-08-06 02:00:00,19.75,0.0
2009-08-06 03:00:00,18.33,0.0
2009-08-06 04:00:00,16.98,0.0
2009-08-06 05:00:00,15.8,0.0
2009-08-06 06:00:00,14.85,0.0
2009-08-06 07:00:00,14.23,0.0
2009-08-06 08:00:00,14.0,0.0
2009-08-06 09:00:00,14.02,0.0
2009-08-06 10:00:00,14.08,0.0
2009-08-06 11:00:00,14.17,0.0
2009-08-06 12:00:00,14.29,0.0
2009-08-06 13:00:00,14.44,0.0
2009-08-06 14:00:00,14.61,0.0
2009-08-06 15:00:00,14.8,0.0
2009-08-06 16:00:00,15.01,0.0
2009-08-06 17:00:00,15.23,0.0
2009-08-06 18:00:00,15.47,0.0
2009-08-06 19:00:00,15.71,0.0
2009-08-06 20:00:00,15.95,0.0
2009-08-06 21:00:00,16.19,0.0
2009-08-06 22:00:00,16.43,0.0
2009-08-06 23:00:00,16.67,0.001
2009-08-07 00:00:00,16.89,0.012
2009-08-07 01:00:00,17.1,0.012
2009-08-07 02:00:00,17.29,0.012
2009-08-07 03:00:00,17.46,0.012
2009-08-07 04:00:00,17.61,0.011
2009-08-07 05:00:00,17.73,0.0
2009-08-07 06:00:00,17.82,0.0
2009-08-07 07:00:00,17.88,0.0
2009-08-07 08:00:00,17.9,0.0
2009-08-07 09:00:00,17.63,0.0
2009-08-07 10:00:00,16.88,0.0
2009-08-07 11:00:00,15.75,0.0
2009-08-07 12:00:00,14.33,0.0
2009-08-07 13:00:00,12.71,0.0
2009-08-07 14:00:00,10.98,0.0
2009-08-07 15:00:00,9.23,0.0
2009-08-07 16:00:00,7.56,0.0
2009-08-07 17:00:00,6.05,0.0
2009-08-07 18:00:00,4.81,0.0
2009-08-07 19:00:00,3.92,0.0
2009-08-07 20:00:00,3.47,0.0
2009-08-07 21:00:00,3.28,0.0
2009-08-07 22:00:00,3.1,0.0
2009-08-07 23:00:00,2.93,0.0
2009-08-08 00:00:00,2.76,0.0
2009-08-08 01:00:00,2.61,0.0
2009-08-08 02:00:00,2.46,0.0
2009-08-08 03:00:00,2.32,0.0
2009-08-08 04:00:00,2.19,0.0
2009-08-08 05:00:00,2.07,0.0
2009-08-08 06:00:00,1.96,0.0
2009-08-08 07:00:00,1.85,0.0
2009-08-08 08:00:00,1.75,0.0
2009-08-08 09:00:00,1.66,0.0
2009-08-08 10:00:00,1.58,0.0
2009-08-08 11:00:00,1.51,0.0
2009-08-08 12:00:00,1.44,0.0
2009-08-08 13:00:00,1.39,0.0
2009-08-08 14:00:00,1.34,0.0
2009-08-08 15:00:00,1.29,0.0
2009-08-08 16:00:00,1.26,0.0
2009-08-08 17:00:00,1.23,0.0
2009-08-08 18:00:00,1.22,0.0
2009-08-08 19:00:00,1.2,0.0
2009-08-08 20:00:00,1.2,0.0
2009-08-08 21:00:00,1.2,0.0
2009-08-08 22:00:00,1.2,0.0
2009-08-08 23:00:00,1.2,0.0
2009-08-09 00:00:00,1.2,0.0
2009-08-09 01:00:00,1.21,0.0
2009-08-09 02:00:00,1.21,0.002
2009-08-09 03:00:00,1.21,0.012
2009-08-09 04:00:00,1.21,0.028
2009-08-09 05:00:00,1.22,0.028
2009-08-09 06:00:00,1.22,0.028
2009-08-09 07:00:00,1.22,0.138
2009-08-09 08:00:00,1.23,0.092
2009-08-09 09:00:00,1.23,0.082
2009-08-09 10:00:00,1.23,0.082
2009-08-09 11:00:00,1.24,0.096
2009-08-09 12:00:00,1.24,0.719
2009-08-09 13:00:00,1.25,0.155
2009-08-09 14:00:00,1.25,0.042
2009-08-09 15:00:00,1.25,0.047
2009-08-09 16:00:00,1.26,0.129
2009-08-09 17:00:00,1.26,0.021
2009-08-09 18:00:00,1.27,0.021
2009-08-09 19:00:00,1.27,0.014
2009-08-09 20:00:00,1.27,0.009
2009-08-09 21:00:00,1.28,0.029
2009-08-09 22:00:00,1.28,0.067
2009-08-09 23:00:00,1.28,0.088
2009-08-10 00:00:00,1.29,0.095
2009-08-10 01:00:00,1.29,0.095
2009-08-10 02:00:00,1.29,0.138
2009-08-10 03:00:00,1.29,0.091
2009-08-10 04:00:00,1.3,0.032
2009-08-10 05:00:00,1.3,0.025
2009-08-10 06:00:00,1.3,0.025
2009-08-10 07:00:00,1.3,0.003
2009-08-10 08:00:00,1.3,0.0
2009-08-10 09:00:00,1.3,0.0
2009-08-10 10:00:00,1.3,0.0
2009-08-10 11:00:00,1.3,0.0
2009-08-10 12:00:00,1.3,0.0
2009-08-10 13:00:00,1.3,0.0
2009-08-10 14:00:00,1.3,0.0
2009-08-10 15:00:00,1.29,0.0
2009-08-10 16:00:00,1.29,0.0
2009-08-10 17:00:00,1.29,0.0
2009-08-10 18:00:00,1.29,0.0
2009-08-10 19:00:00,1.28,0.0
2009-08-10 20:00:00,1.28,0.002
2009-08-10 21:00:00,1.28,0.045
2009-08-10 22:00:00,1.27,0.228
2009-08-10 23:00:00,1.27,0.297
2009-08-11 00:00:00,1.26,0.325
2009-08-11 01:00:00,1.25,0.339
2009-08-11 02:00:00,1.25,0.581
2009-08-11 03:00:00,1.24,1.244
2009-08-11 04:00:00,1.23,0.796
2009-08-11 05:00:00,1.23,0.517
2009-08-11 06:00:00,1.22,0.227
2009-08-11 07:00:00,1.21,0.053
2009-08-11 08:00:00,1.2,0.006
2009-08-11 09:00:00,1.16,0.0
2009-08-11 10:00:00,1.06,0.0
2009-08-11 11:00:00,0.95,0.0
2009-08-11 12:00:00,0.83,0.0
2009-08-11 13:00:00,0.74,0.0
2009-08-11 14:00:00,0.71,0.0
2009-08-11 15:00:00,0.71,0.0
2009-08-11 16:00:00,0.71,0.0
2009-08-11 17:00:00,0.71,0.0
2009-08-11 18:00:00,0.71,0.003
2009-08-11 19:00:00,0.71,0.005
2009-08-11 20:00:00,0.71,0.005
2009-08-11 21:00:00,0.71,0.005
2009-08-11 22:00:00,0.71,0.005
2009-08-11 23:00:00,0.71,0.081
2009-08-12 00:00:00,0.71,0.129
2009-08-12 01:00:00,0.71,0.0
2009-08-12 02:00:00,0.71,0.0
2009-08-12 03:00:00,0.7,0.0
2009-08-12 04:00:00,0.7,0.0
2009-08-12 05:00:00,0.7,0.0
2009-08-12 06:00:00,0.7,0.0
2009-08-12 07:00:00,0.7,0.0
2009-08-12 08:00:00,0.7,0.0
2009-08-12 09:00:00,0.7,0.0
2009-08-12 10:00:00,0.7,0.0
2009-08-12 11:00:00,0.7,0.0
2009-08-12 12:00:00,0.7,0.0
2009-08-12 13:00:00,0.7,0.0
2009-08-12 14:00:00,0.69,0.0
2009-08-12 15:00:00,0.69,0.0
2009-08-12 16:00:00,0.69,0.0
2009-08-12 17:00:00,0.69,0.0
2009-08-12 18:00:00,0.69,0.0
2009-08-12 19:00:00,0.69,0.0
2009-08-12 20:00:00,0.69,0.0
2009-08-12 21:00:00,0.69,0.0
2009-08-12 22:00:00,0.68,0.0
2009-08-12 23:00:00,0.68,0.0
2009-08-13 00:00:00,0.68,0.0
2009-08-13 01:00:00,0.68,0.0
2009-08-13 02:00:00,0.68,0.0
2009-08-13 03:00:00,0.68,0.0
2009-08-13 04:00:00,0.67,0.0
2009-08-13 05:00:00,0.67,0.0
2009-08-13 06:00:00,0.67,0.0
2009-08-13 07:00:00,0.67,0.0
2009-08-13 08:00:00,0.67,0.0
2009-08-13 09:00:00,0.67,0.0
2009-08-13 10:00:00,0.67,0.0
2009-08-13 11:00:00,0.66,0.0
2009-08-13 12:00:00,0.66,0.0
2009-08-13 13:00:00,0.66,0.0
2009-08-13 14:00:00,0.66,0.0
2009-08-13 15:00:00,0.66,0.0
2009-08-13 16:00:00,0.66,0.0
2009-08-13 17:00:00,0.66,0.0
2009-08-13 18:00:00,0.65,0.0
2009-08-13 19:00:00,0.65,0.0
2009-08-13 20:00:00,0.65,0.0
2009-08-13 21:00:00,0.65,0.0
2009-08-13 22:00:00,0.65,0.0
2009-08-13 23:00:00,0.65,0.0
2009-08-14 00:00:00,0.65,0.0
2009-08-14 01:00:00,0.65,0.0
2009-08-14 02:00:00,0.64,0.0
2009-08-14 03:00:00,0.64,0.0
2009-08-14 04:00:00,0.64,0.0
2009-08-14 05:00:00,0.64,0.0
2009-08-14 06:00:00,0.64,0.0
2009-08-14 07:00:00,0.64,0.0
2009-08-14 08:00:00,0.64,0.0
2009-08-14 09:00:00,0.64,0.0
2009-08-14 10:00:00,0.64,0.0
2009-08-14 11:00:00,0.64,0.0
2009-08-14 12:00:00,0.64,0.014
2009-08-14 13:00:00,0.64,0.041
2009-08-14 14:00:00,0.64,0.041
2009-08-14 15:00:00,0.64,0.041
2009-08-14 16:00:00,0.64,0.041
2009-08-14 17:00:00,0.64,0.027
2009-08-14 18:00:00,0.64,0.0
2009-08-14 19:00:00,0.64,0.0
2009-08-14 20:00:00,0.64,0.0
2009-08-14 21:00:00,0.64,0.0
2009-08-14 22:00:00,0.64,0.0
2009-08-14 23:00:00,0.64,0.0
2009-08-15 00:00:00,0.64,0.0
2009-08-15 01:00:00,0.64,0.0
2009-08-15 02:00:00,0.64,0.0
2009-08-15 03:00:00,0.64,0.0
2009-08-15 04:00:00,0.64,0.0
2009-08-15 05:00:00,0.64,0.0
2009-08-15 06:00:00,0.64,0.0
2009-08-15 07:00:00,0.64,0.0
2009-08-15 08:00:00,0.64,0.0
2009-08-15 09:00:00,0.64,0.0
2009-08-15 10:00:00,0.64,0.009
2009-08-15 11:00:00,0.64,0.017
2009-08-15 12:00:00,0.64,0.017
2009-08-15 13:00:00,0.64,0.017
2009-08-15 14:00:00,0.64,0.017
2009-08-15 15:00:00,0.64,0.355
2009-08-15 16:00:00,0.64,0.174
2009-08-15 17:00:00,0.64,0.009
2009-08-15 18:00:00,0.64,0.009
2009-08-15 19:00:00,0.64,0.012
2009-08-15 20:00:00,0.64,0.136
2009-08-15 21:00:00,0.64,0.208
2009-08-15 22:00:00,0.65,0.208
2009-08-15 23:00:00,0.66,0.208
2009-08-16 00:00:00,0.68,0.215
2009-08-16 01:00:00,0.69,7.359
2009-08-16 02:00:00,0.71,1.858
2009-08-16 03:00:00,0.73,0.458
2009-08-16 04:00:00,0.74,0.053
2009-08-16 05:00:00,0.76,0.053
2009-08-16 06:00:00,0.77,0.047
2009-08-16 07:00:00,0.78,0.045
2009-08-16 08:00:00,0.78,0.045
2009-08-16 09:00:00,0.78,0.059
2009-08-16 10:00:00,0.78,0.136
2009-08-16 11:00:00,0.78,0.188
2009-08-16 12:00:00,0.78,0.206
2009-08-16 13:00:00,0.78,0.21
2009-08-16 14:00:00,0.78,0.588
2009-08-16 15:00:00,0.8,1.517
2009-08-16 16:00:00,0.86,6.02
2009-08-16 17:00:00,0.95,4.688
2009-08-16 18:00:00,1.08,4.42
2009-08-16 19:00:00,1.25,0.624
2009-08-16 20:00:00,1.46,0.326
2009-08-16 21:00:00,1.7,0.359
2009-08-16 22:00:00,1.97,0.553
2009-08-16 23:00:00,2.28,0.899
2009-08-17 00:00:00,2.63,0.94
2009-08-17 01:00:00,3.01,2.95
2009-08-17 02:00:00,3.42,9.415
2009-08-17 03:00:00,3.87,5.752
2009-08-17 04:00:00,4.35,1.092
2009-08-17 05:00:00,4.86,0.096
2009-08-17 06:00:00,5.4,0.035
2009-08-17 07:00:00,5.98,0.026
2009-08-17 08:00:00,6.59,0.018
2009-08-17 09:00:00,7.92,0.015
2009-08-17 10:00:00,10.49,0.011
2009-08-17 11:00:00,14.04,0.011
2009-08-17 12:00:00,18.31,0.011
2009-08-17 13:00:00,23.04,0.0
2009-08-17 14:00:00,27.98,0.0
2009-08-17 15:00:00,32.87,0.0
2009-08-17 16:00:00,37.45,0.0
2009-08-17 17:00:00,41.46,0.0
2009-08-17 18:00:00,44.64,0.0
2009-08-17 19:00:00,46.74,0.0
2009-08-17 20:00:00,47.5,0.0
2009-08-17 21:00:00,46.86,0.0
2009-08-17 22:00:00,45.16,0.0
2009-08-17 23:00:00,42.77,0.0
2009-08-18 00:00:00,40.04,0.056
2009-08-18 01:00:00,37.33,0.27
2009-08-18 02:00:00,35.0,0.314
2009-08-18 03:00:00,32.74,0.351
2009-08-18 04:00:00,30.21,0.354
2009-08-18 05:00:00,27.7,0.609
2009-08-18 06:00:00,25.5,0.796
2009-08-18 07:00:00,23.9,1.857
2009-08-18 08:00:00,23.2,0.848
2009-08-18 09:00:00,23.06,0.538
2009-08-18 10:00:00,22.94,0.214
2009-08-18 11:00:00,22.84,0.178
2009-08-18 12:00:00,22.77,0.178
2009-08-18 13:00:00,22.72,0.201
2009-08-18 14:00:00,22.7,0.231
2009-08-18 15:00:00,22.8,0.227
2009-08-18 16:00:00,23.23,0.272
2009-08-18 17:00:00,23.95,0.397
2009-08-18 18:00:00,24.91,0.45
2009-08-18 19:00:00,26.04,1.014
2009-08-18 20:00:00,27.3,2.917
2009-08-18 21:00:00,28.76,1.675
2009-08-18 22:00:00,30.7,0.081
2009-08-18 23:00:00,33.39,0.059
2009-08-19 00:00:00,37.12,0.059
2009-08-19 01:00:00,42.15,0.148
2009-08-19 02:00:00,48.77,0.075
2009-08-19 03:00:00,65.22,0.075
2009-08-19 04:00:00,252.1,0.078
2009-08-19 05:00:00,257.0,0.236
2009-08-19 06:00:00,237.32,0.784
2009-08-19 07:00:00,221.19,0.784
2009-08-19 08:00:00,212.0,0.784
2009-08-19 09:00:00,208.67,0.784
2009-08-19 10:00:00,206.89,0.741
2009-08-19 11:00:00,205.2,0.115
2009-08-19 12:00:00,202.15,0.058
2009-08-19 13:00:00,189.82,0.058
2009-08-19 14:00:00,172.0,0.058
2009-08-19 15:00:00,165.3,0.029
2009-08-19 16:00:00,160.49,0.015
2009-08-19 17:00:00,156.8,0.015
2009-08-19 18:00:00,153.44,0.015
2009-08-19 19:00:00,149.62,0.015
2009-08-19 20:00:00,144.6,0.012
2009-08-19 21:00:00,138.27,0.008
2009-08-19 22:00:00,131.0,0.604
2009-08-19 23:00:00,123.11,0.985
2009-08-20 00:00:00,114.9,1.305
2009-08-20 01:00:00,106.69,2.273
2009-08-20 02:00:00,98.79,2.528
2009-08-20 03:00:00,91.5,2.336
2009-08-20 04:00:00,85.13,2.496
2009-08-20 05:00:00,80.0,2.281
2009-08-20 06:00:00,75.53,1.397
2009-08-20 07:00:00,71.03,1.713
2009-08-20 08:00:00,66.65,3.259
2009-08-20 09:00:00,62.54,1.167
2009-08-20 10:00:00,58.85,0.745
2009-08-20 11:00:00,55.73,0.548
2009-08-20 12:00:00,53.31,1.058
2009-08-20 13:00:00,51.75,0.684
2009-08-20 14:00:00,51.2,0.728
2009-08-20 15:00:00,56.53,0.392
2009-08-20 16:00:00,68.25,0.179
2009-08-20 17:00:00,80.0,0.283
2009-08-20 18:00:00,91.01,0.283
2009-08-20 19:00:00,102.03,0.46
2009-08-20 20:00:00,109.0,0.08
2009-08-20 21:00:00,112.37,0.099
2009-08-20 22:00:00,115.29,0.099
2009-08-20 23:00:00,117.68,0.099
2009-08-21 00:00:00,119.48,0.1
2009-08-21 01:00:00,120.61,0.143
2009-08-21 02:00:00,121.0,0.137
2009-08-21 03:00:00,119.45,0.238
2009-08-21 04:00:00,115.57,0.317
2009-08-21 05:00:00,110.52,0.262
2009-08-21 06:00:00,105.47,0.225
2009-08-21 07:00:00,101.58,0.792
2009-08-21 08:00:00,100.0,0.426
2009-08-21 09:00:00,99.97,0.332
2009-08-21 10:00:00,99.94,0.261
2009-08-21 11:00:00,99.92,0.11
2009-08-21 12:00:00,99.9,0.093
2009-08-21 13:00:00,99.88,0.102
2009-08-21 14:00:00,99.86,0.171
2009-08-21 15:00:00,99.85,0.292
2009-08-21 16:00:00,99.84,0.504
2009-08-21 17:00:00,99.83,0.605
2009-08-21 18:00:00,99.82,1.745
2009-08-21 19:00:00,99.81,2.485
2009-08-21 20:00:00,99.81,1.964
2009-08-21 21:00:00,99.8,0.33
2009-08-21 22:00:00,99.8,0.171
2009-08-21 23:00:00,99.8,0.259
2009-08-22 00:00:00,122.15,0.242
2009-08-22 01:00:00,163.65,0.215
2009-08-22 02:00:00,186.0,0.366
2009-08-22 03:00:00,182.96,0.354
2009-08-22 04:00:00,175.15,0.205
2009-08-22 05:00:00,164.56,0.203
2009-08-22 06:00:00,153.18,0.262
2009-08-22 07:00:00,143.0,0.153
2009-08-22 08:00:00,136.0,0.13
2009-08-22 09:00:00,131.37,0.137
2009-08-22 10:00:00,126.98,0.362
2009-08-22 11:00:00,122.81,0.691
2009-08-22 12:00:00,118.85,0.295
2009-08-22 13:00:00,115.09,0.433
2009-08-22 14:00:00,111.52,0.154
2009-08-22 15:00:00,108.13,0.056
2009-08-22 16:00:00,104.9,0.053
2009-08-22 17:00:00,101.83,0.053
2009-08-22 18:00:00,98.9,0.053
2009-08-22 19:00:00,96.11,0.051
2009-08-22 20:00:00,93.44,0.047
2009-08-22 21:00:00,90.87,0.065
2009-08-22 22:00:00,88.41,0.078
2009-08-22 23:00:00,86.04,0.091
2009-08-23 00:00:00,83.74,0.206
2009-08-23 01:00:00,81.51,0.813
2009-08-23 02:00:00,79.33,0.102
2009-08-23 03:00:00,77.2,0.151
2009-08-23 04:00:00,75.1,0.05
2009-08-23 05:00:00,73.02,0.024
2009-08-23 06:00:00,70.95,0.004
2009-08-23 07:00:00,68.88,0.001
2009-08-23 08:00:00,66.8,0.0
2009-08-23 09:00:00,64.87,0.0
2009-08-23 10:00:00,63.14,0.0
2009-08-23 11:00:00,61.4,0.021
2009-08-23 12:00:00,59.53,0.021
2009-08-23 13:00:00,57.67,0.021
2009-08-23 14:00:00,56.0,0.021
2009-08-23 15:00:00,54.6,0.021
2009-08-23 16:00:00,53.36,0.013
2009-08-23 17:00:00,52.2,0.013
2009-08-23 18:00:00,51.05,0.013
2009-08-23 19:00:00,49.85,0.013
2009-08-23 20:00:00,48.5,0.013
2009-08-23 21:00:00,46.87,0.013
2009-08-23 22:00:00,44.92,0.013
2009-08-23 23:00:00,42.74,0.013
2009-08-24 00:00:00,40.42,0.01
2009-08-24 01:00:00,38.04,0.01
2009-08-24 02:00:00,35.69,0.01
2009-08-24 03:00:00,33.46,0.01
2009-08-24 04:00:00,31.44,0.01
2009-08-24 05:00:00,29.72,0.01
2009-08-24 06:00:00,28.38,0.01
2009-08-24 07:00:00,27.51,0.01
2009-08-24 08:00:00,27.2,0.01
2009-08-24 09:00:00,27.2,0.01
2009-08-24 10:00:00,27.2,0.008
2009-08-24 11:00:00,27.2,0.0
2009-08-24 12:00:00,27.2,0.0
2009-08-24 13:00:00,27.2,0.0
2009-08-24 14:00:00,27.2,0.0
2009-08-24 15:00:00,27.2,0.0
2009-08-24 16:00:00,27.2,0.0
2009-08-24 17:00:00,27.2,0.0
2009-08-24 18:00:00,27.2,0.0
2009-08-24 19:00:00,27.2,0.0
2009-08-24 20:00:00,27.2,0.0
2009-08-24 21:00:00,27.14,0.0
2009-08-24 22:00:00,26.97,0.0
2009-08-24 23:00:00,26.7,0.0
2009-08-25 00:00:00,26.35,0.0
2009-08-25 01:00:00,25.95,0.0
2009-08-25 02:00:00,25.49,0.0
2009-08-25 03:00:00,25.02,0.0
2009-08-25 04:00:00,24.53,0.018
2009-08-25 05:00:00,24.04,0.021
2009-08-25 06:00:00,23.58,0.021
2009-08-25 07:00:00,23.16,0.021
2009-08-25 08:00:00,22.8,0.021
2009-08-25 09:00:00,22.46,0.003
2009-08-25 10:00:00,22.11,0.0
2009-08-25 11:00:00,21.75,0.0
2009-08-25 12:00:00,21.39,0.0
2009-08-25 13:00:00,21.03,0.0
2009-08-25 14:00:00,20.69,0.0
2009-08-25 15:00:00,20.36,0.0
2009-08-25 16:00:00,20.05,0.0
2009-08-25 17:00:00,19.78,0.0
2009-08-25 18:00:00,19.54,0.0
2009-08-25 19:00:00,19.35,0.024
2009-08-25 20:00:00,19.2,0.173
2009-08-25 21:00:00,19.09,0.261
2009-08-25 22:00:00,19.0,0.267
2009-08-25 23:00:00,18.92,0.267
2009-08-26 00:00:00,18.85,0.534
2009-08-26 01:00:00,18.79,1.354
2009-08-26 02:00:00,18.74,1.772
2009-08-26 03:00:00,18.68,0.72
2009-08-26 04:00:00,18.62,0.218
2009-08-26 05:00:00,18.56,0.018
2009-08-26 06:00:00,18.49,0.018
2009-08-26 07:00:00,18.4,0.028
2009-08-26 08:00:00,18.3,0.036
2009-08-26 09:00:00,18.17,0.032
2009-08-26 10:00:00,18.02,0.194
2009-08-26 11:00:00,17.83,0.082
2009-08-26 12:00:00,17.63,0.035
2009-08-26 13:00:00,17.41,0.286
2009-08-26 14:00:00,17.18,0.027
2009-08-26 15:00:00,16.93,0.038
2009-08-26 16:00:00,16.68,0.038
2009-08-26 17:00:00,16.43,0.027
2009-08-26 18:00:00,16.18,0.021
2009-08-26 19:00:00,15.93,0.014
2009-08-26 20:00:00,15.7,0.0
2009-08-26 21:00:00,15.47,0.0
2009-08-26 22:00:00,15.22,0.0
2009-08-26 23:00:00,14.97,0.0
2009-08-27 00:00:00,14.71,0.0
2009-08-27 01:00:00,14.45,0.0
2009-08-27 02:00:00,14.18,0.0
2009-08-27 03:00:00,13.93,0.0
2009-08-27 04:00:00,13.68,0.0
2009-08-27 05:00:00,13.44,0.0
2009-08-27 06:00:00,13.21,0.0
2009-08-27 07:00:00,13.0,0.0
2009-08-27 08:00:00,12.8,0.0
2009-08-27 09:00:00,12.62,0.0
2009-08-27 10:00:00,12.46,0.0
2009-08-27 11:00:00,12.31,0.0
2009-08-27 12:00:00,12.16,0.0
2009-08-27 13:00:00,12.03,0.0
2009-08-27 14:00:00,11.89,0.0
2009-08-27 15:00:00,11.76,0.0
2009-08-27 16:00:00,11.62,0.0
2009-08-27 17:00:00,11.48,0.0
2009-08-27 18:00:00,11.33,0.0
2009-08-27 19:00:00,11.17,0.0
2009-08-27 20:00:00,11.0,0.0
2009-08-27 21:00:00,10.81,0.0
2009-08-27 22:00:00,10.59,0.0
2009-08-27 23:00:00,10.36,0.0
2009-08-28 00:00:00,10.12,0.0
2009-08-28 01:00:00,9.86,0.0
2009-08-28 02:00:00,9.61,0.0
2009-08-28 03:00:00,9.36,0.0
2009-08-28 04:00:00,9.12,0.0
2009-08-28 05:00:00,8.89,0.016
2009-08-28 06:00:00,8.68,0.017
2009-08-28 07:00:00,8.5,0.017
2009-08-28 08:00:00,8.35,0.031
2009-08-28 09:00:00,8.21,0.047
2009-08-28 10:00:00,8.08,0.043
2009-08-28 11:00:00,7.94,0.056
2009-08-28 12:00:00,7.81,0.104
2009-08-28 13:00:00,7.68,0.149
2009-08-28 14:00:00,7.56,0.179
2009-08-28 15:00:00,7.46,0.205
2009-08-28 16:00:00,7.36,0.328
2009-08-28 17:00:00,7.29,0.998
2009-08-28 18:00:00,7.23,0.522
2009-08-28 19:00:00,7.19,1.851
2009-08-28 20:00:00,7.18,3.727
2009-08-28 21:00:00,7.51,3.273
2009-08-28 22:00:00,8.42,2.204
2009-08-28 23:00:00,9.81,1.169
2009-08-29 00:00:00,11.58,1.006
2009-08-29 01:00:00,13.63,1.179
2009-08-29 02:00:00,15.86,0.74
2009-08-29 03:00:00,18.16,0.741
2009-08-29 04:00:00,20.44,1.065
2009-08-29 05:00:00,22.58,0.925
2009-08-29 06:00:00,24.49,0.671
2009-08-29 07:00:00,26.06,0.497
2009-08-29 08:00:00,27.2,0.431
2009-08-29 09:00:00,28.08,0.327
2009-08-29 10:00:00,28.95,0.277
2009-08-29 11:00:00,29.81,0.126
2009-08-29 12:00:00,30.65,0.581
2009-08-29 13:00:00,31.48,0.207
2009-08-29 14:00:00,32.28,0.359
2009-08-29 15:00:00,33.07,2.485
2009-08-29 16:00:00,33.82,0.038
2009-08-29 17:00:00,34.55,0.036
2009-08-29 18:00:00,35.25,0.003
2009-08-29 19:00:00,35.92,0.003
2009-08-29 20:00:00,36.56,0.003
2009-08-29 21:00:00,37.15,0.003
2009-08-29 22:00:00,37.71,0.004
2009-08-29 23:00:00,38.23,0.098
2009-08-30 00:00:00,38.7,0.023
2009-08-30 01:00:00,39.13,0.021
2009-08-30 02:00:00,39.5,0.021
2009-08-30 03:00:00,39.83,0.022
2009-08-30 04:00:00,40.1,0.041
2009-08-30 05:00:00,40.31,0.041
2009-08-30 06:00:00,40.47,0.043
2009-08-30 07:00:00,40.57,0.045
2009-08-30 08:00:00,40.6,0.043
2009-08-30 09:00:00,40.49,0.014
2009-08-30 10:00:00,40.16,0.014
2009-08-30 11:00:00,39.64,0.014
2009-08-30 12:00:00,38.94,0.014
2009-08-30 13:00:00,38.09,0.014
2009-08-30 14:00:00,37.1,0.014
2009-08-30 15:00:00,36.0,0.014
2009-08-30 16:00:00,34.79,0.031
2009-08-30 17:00:00,33.51,0.046
2009-08-30 18:00:00,32.17,0.063
2009-08-30 19:00:00,30.79,0.119
2009-08-30 20:00:00,29.39,0.107
2009-08-30 21:00:00,27.99,0.092
2009-08-30 22:00:00,26.6,0.085
2009-08-30 23:00:00,25.25,0.065
2009-08-31 00:00:00,23.96,0.06
2009-08-31 01:00:00,22.75,0.054
2009-08-31 02:00:00,21.63,0.042
2009-08-31 03:00:00,20.63,0.039
2009-08-31 04:00:00,19.76,0.046
2009-08-31 05:00:00,19.04,0.044
2009-08-31 06:00:00,18.49,0.028
2009-08-31 07:00:00,18.14,0.028
2009-08-31 08:00:00,18.0,0.02
2009-08-31 09:00:00,17.97,0.013
2009-08-31 10:00:00,17.95,0.013
2009-08-31 11:00:00,17.94,0.013
2009-08-31 12:00:00,17.92,0.013
2009-08-31 13:00:00,17.91,0.016
2009-08-31 14:00:00,17.9,0.032
2009-08-31 15:00:00,17.89,0.031
2009-08-31 16:00:00,17.88,0.031
2009-08-31 17:00:00,17.87,0.031
2009-08-31 18:00:00,17.85,0.028
2009-08-31 19:00:00,17.83,0.011
2009-08-31 20:00:00,17.8,0.011
2009-08-31 21:00:00,17.7,0.011
2009-08-31 22:00:00,17.46,0.011
2009-08-31 23:00:00,17.13,0.011
2009-09-01 00:00:00,16.7,0.023
2009-09-01 01:00:00,16.21,0.024
2009-09-01 02:00:00,15.68,0.024
2009-09-01 03:00:00,15.13,0.024
2009-09-01 04:00:00,14.57,0.019
2009-09-01 05:00:00,14.04,0.015
2009-09-01 06:00:00,13.56,0.015
2009-09-01 07:00:00,13.14,0.015
2009-09-01 08:00:00,12.8,0.015
2009-09-01 09:00:00,12.52,0.015
2009-09-01 10:00:00,12.27,0.015
2009-09-01 11:00:00,12.02,0.013
2009-09-01 12:00:00,11.79,0.01
2009-09-01 13:00:00,11.57,0.01
2009-09-01 14:00:00,11.37,0.01
2009-09-01 15:00:00,11.16,0.01
2009-09-01 16:00:00,10.97,0.01
2009-09-01 17:00:00,10.78,0.01
2009-09-01 18:00:00,10.59,0.01
2009-09-01 19:00:00,10.39,0.01
2009-09-01 20:00:00,10.2,0.01
2009-09-01 21:00:00,10.01,0.01
2009-09-01 22:00:00,9.81,0.001
2009-09-01 23:00:00,9.63,0.0
2009-09-02 00:00:00,9.44,0.0
2009-09-02 01:00:00,9.26,0.0
2009-09-02 02:00:00,9.08,0.0
2009-09-02 03:00:00,8.9,0.0
2009-09-02 04:00:00,8.73,0.0
2009-09-02 05:00:00,8.56,0.0
2009-09-02 06:00:00,8.39,0.0
2009-09-02 07:00:00,8.22,0.0
2009-09-02 08:00:00,8.06,0.0
2009-09-02 09:00:00,7.9,0.0
2009-09-02 10:00:00,7.73,0.0
2009-09-02 11:00:00,7.57,0.0
2009-09-02 12:00:00,7.41,0.0
2009-09-02 13:00:00,7.25,0.0
2009-09-02 14:00:00,7.09,0.0
2009-09-02 15:00:00,6.94,0.0
2009-09-02 16:00:00,6.79,0.0
2009-09-02 17:00:00,6.65,0.0
2009-09-02 18:00:00,6.52,0.0
2009-09-02 19:00:00,6.4,0.0
2009-09-02 20:00:00,6.28,0.0
2009-09-02 21:00:00,6.17,0.0
2009-09-02 22:00:00,6.08,0.0
2009-09-02 23:00:00,5.98,0.0
2009-09-03 00:00:00,5.9,0.0
2009-09-03 01:00:00,5.81,0.0
2009-09-03 02:00:00,5.73,0.0
2009-09-03 03:00:00,5.65,0.0
2009-09-03 04:00:00,5.57,0.0
2009-09-03 05:00:00,5.49,0.0
2009-09-03 06:00:00,5.41,0.0
2009-09-03 07:00:00,5.32,0.0
2009-09-03 08:00:00,5.23,0.0
2009-09-03 09:00:00,5.14,0.0
2009-09-03 10:00:00,5.04,0.0
2009-09-03 11:00:00,4.94,0.0
2009-09-03 12:00:00,4.84,0.0
2009-09-03 13:00:00,4.74,0.0
2009-09-03 14:00:00,4.63,0.0
2009-09-03 15:00:00,4.53,0.0
2009-09-03 16:00:00,4.43,0.0
2009-09-03 17:00:00,4.33,0.0
2009-09-03 18:00:00,4.23,0.0
2009-09-03 19:00:00,4.13,0.0
2009-09-03 20:00:00,4.03,0.0
2009-09-03 21:00:00,3.93,0.0
2009-09-03 22:00:00,3.81,0.0
2009-09-03 23:00:00,3.69,0.0
2009-09-04 00:00:00,3.57,0.0
2009-09-04 01:00:00,3.45,0.0
2009-09-04 02:00:00,3.33,0.011
2009-09-04 03:00:00,3.22,0.017
2009-09-04 04:00:00,3.12,0.024
2009-09-04 05:00:00,3.04,0.026
2009-09-04 06:00:00,2.98,0.061
2009-09-04 07:00:00,2.93,0.172
2009-09-04 08:00:00,2.92,0.206
2009-09-04 09:00:00,2.92,0.213
2009-09-04 10:00:00,2.92,0.267
2009-09-04 11:00:00,2.92,0.511
2009-09-04 12:00:00,2.92,0.668
2009-09-04 13:00:00,2.92,0.157
2009-09-04 14:00:00,2.92,0.017
2009-09-04 15:00:00,2.92,0.017
2009-09-04 16:00:00,2.92,0.017
2009-09-04 17:00:00,2.92,0.046
2009-09-04 18:00:00,2.92,0.054
2009-09-04 19:00:00,2.92,0.0
2009-09-04 20:00:00,2.92,0.0
2009-09-04 21:00:00,2.9,0.0
2009-09-04 22:00:00,2.86,0.0
2009-09-04 23:00:00,2.8,0.0
2009-09-05 00:00:00,2.71,0.0
2009-09-05 01:00:00,2.62,0.0
2009-09-05 02:00:00,2.52,0.0
2009-09-05 03:00:00,2.42,0.0
2009-09-05 04:00:00,2.33,0.0
2009-09-05 05:00:00,2.24,0.0
2009-09-05 06:00:00,2.18,0.0
2009-09-05 07:00:00,2.14,0.0
2009-09-05 08:00:00,2.12,0.0
2009-09-05 09:00:00,2.12,0.0
2009-09-05 10:00:00,2.12,0.001
2009-09-05 11:00:00,2.12,0.017
2009-09-05 12:00:00,2.12,0.017
2009-09-05 13:00:00,2.12,0.017
2009-09-05 14:00:00,2.12,0.017
2009-09-05 15:00:00,2.12,0.016
2009-09-05 16:00:00,2.12,0.0
2009-09-05 17:00:00,2.12,0.0
2009-09-05 18:00:00,2.12,0.0
2009-09-05 19:00:00,2.12,0.0
2009-09-05 20:00:00,2.12,0.0
2009-09-05 21:00:00,2.1,0.0
2009-09-05 22:00:00,2.06,0.0
2009-09-05 23:00:00,2.0,0.0
2009-09-06 00:00:00,1.91,0.0
2009-09-06 01:00:00,1.82,0.01
2009-09-06 02:00:00,1.71,0.017
2009-09-06 03:00:00,1.61,0.017
2009-09-06 04:00:00,1.5,0.017
2009-09-06 05:00:00,1.4,0.017
2009-09-06 06:00:00,1.32,0.012
2009-09-06 07:00:00,1.25,0.017
2009-09-06 08:00:00,1.2,0.017
2009-09-06 09:00:00,1.16,0.017
2009-09-06 10:00:00,1.13,0.017
2009-09-06 11:00:00,1.1,0.012
2009-09-06 12:00:00,1.06,0.0
2009-09-06 13:00:00,1.03,0.0
2009-09-06 14:00:00,1.0,0.0
2009-09-06 15:00:00,0.97,0.0
2009-09-06 16:00:00,0.93,0.0
2009-09-06 17:00:00,0.9,0.003
2009-09-06 18:00:00,0.87,0.031
2009-09-06 19:00:00,0.85,0.066
2009-09-06 20:00:00,0.82,0.093
2009-09-06 21:00:00,0.79,0.112
2009-09-06 22:00:00,0.77,0.122
2009-09-06 23:00:00,0.74,0.202
2009-09-07 00:00:00,0.72,0.068
2009-09-07 01:00:00,0.69,0.041
2009-09-07 02:00:00,0.67,0.022
2009-09-07 03:00:00,0.65,0.011
2009-09-07 04:00:00,0.63,0.0
2009-09-07 05:00:00,0.61,0.0
2009-09-07 06:00:00,0.59,0.0
2009-09-07 07:00:00,0.58,0.0
2009-09-07 08:00:00,0.56,0.0
2009-09-07 09:00:00,0.54,0.0
2009-09-07 10:00:00,0.53,0.0
2009-09-07 11:00:00,0.52,0.0
2009-09-07 12:00:00,0.51,0.0
2009-09-07 13:00:00,0.5,0.0
2009-09-07 14:00:00,0.49,0.0
2009-09-07 15:00:00,0.48,0.002
2009-09-07 16:00:00,0.48,0.005
2009-09-07 17:00:00,0.47,0.012
2009-09-07 18:00:00,0.47,0.021
2009-09-07 19:00:00,0.46,0.021
2009-09-07 20:00:00,0.46,0.019
2009-09-07 21:00:00,0.47,0.033
2009-09-07 22:00:00,0.48,0.03
2009-09-07 23:00:00,0.5,0.026
2009-09-08 00:00:00,0.53,0.026
2009-09-08 01:00:00,0.56,0.034
2009-09-08 02:00:00,0.59,0.095
2009-09-08 03:00:00,0.62,0.024
2009-09-08 04:00:00,0.64,0.024
2009-09-08 05:00:00,0.67,0.024
2009-09-08 06:00:00,0.69,0.023
2009-09-08 07:00:00,0.7,0.019
2009-09-08 08:00:00,0.71,0.018
2009-09-08 09:00:00,0.71,0.018
2009-09-08 10:00:00,0.71,0.018
2009-09-08 11:00:00,0.71,0.011
2009-09-08 12:00:00,0.7,0.03
2009-09-08 13:00:00,0.7,0.045
2009-09-08 14:00:00,0.7,0.044
2009-09-08 15:00:00,0.69,0.044
2009-09-08 16:00:00,0.69,0.044
2009-09-08 17:00:00,0.69,0.022
2009-09-08 18:00:00,0.68,0.009
2009-09-08 19:00:00,0.68,0.024
2009-09-08 20:00:00,0.67,0.033
2009-09-08 21:00:00,0.67,0.033
2009-09-08 22:00:00,0.67,0.033
2009-09-08 23:00:00,0.66,0.024
2009-09-09 00:00:00,0.66,0.009
2009-09-09 01:00:00,0.65,0.0
2009-09-09 02:00:00,0.65,0.0
2009-09-09 03:00:00,0.65,0.0
2009-09-09 04:00:00,0.65,0.0
2009-09-09 05:00:00,0.64,0.0
2009-09-09 06:00:00,0.64,0.0
2009-09-09 07:00:00,0.64,0.003
2009-09-09 08:00:00,0.64,0.017
2009-09-09 09:00:00,0.64,0.017
2009-09-09 10:00:00,0.64,0.017
2009-09-09 11:00:00,0.64,0.017
2009-09-09 12:00:00,0.64,0.014
2009-09-09 13:00:00,0.64,0.0
2009-09-09 14:00:00,0.64,0.0
2009-09-09 15:00:00,0.64,0.0
2009-09-09 16:00:00,0.64,0.0
2009-09-09 17:00:00,0.64,0.0
2009-09-09 18:00:00,0.64,0.032
2009-09-09 19:00:00,0.64,0.032
2009-09-09 20:00:00,0.64,0.032
2009-09-09 21:00:00,0.64,0.032
2009-09-09 22:00:00,0.64,0.032
2009-09-09 23:00:00,0.64,0.005
2009-09-10 00:00:00,0.64,0.008
2009-09-10 01:00:00,0.64,0.009
2009-09-10 02:00:00,0.64,0.014
2009-09-10 03:00:00,0.64,0.014
2009-09-10 04:00:00,0.64,0.009
2009-09-10 05:00:00,0.64,0.005
2009-09-10 06:00:00,0.64,0.004
2009-09-10 07:00:00,0.64,0.0
2009-09-10 08:00:00,0.64,0.0
2009-09-10 09:00:00,0.64,0.0
2009-09-10 10:00:00,0.64,0.0
2009-09-10 11:00:00,0.64,0.0
2009-09-10 12:00:00,0.64,0.0
2009-09-10 13:00:00,0.64,0.0
2009-09-10 14:00:00,0.64,0.0
2009-09-10 15:00:00,0.64,0.0
2009-09-10 16:00:00,0.64,0.0
2009-09-10 17:00:00,0.64,0.0
2009-09-10 18:00:00,0.64,0.0
2009-09-10 19:00:00,0.64,0.0
2009-09-10 20:00:00,0.64,0.0
2009-09-10 21:00:00,0.64,0.0
2009-09-10 22:00:00,0.64,0.0
2009-09-10 23:00:00,0.64,0.0
2009-09-11 00:00:00,0.64,0.007
2009-09-11 01:00:00,0.65,0.009
2009-09-11 02:00:00,0.65,0.009
2009-09-11 03:00:00,0.65,0.009
2009-09-11 04:00:00,0.66,0.009
2009-09-11 05:00:00,0.66,0.043
2009-09-11 06:00:00,0.67,0.063
2009-09-11 07:00:00,0.68,0.084
2009-09-11 08:00:00,0.69,0.098
2009-09-11 09:00:00,0.69,0.101
2009-09-11 10:00:00,0.7,0.213
2009-09-11 11:00:00,0.71,0.334
2009-09-11 12:00:00,0.73,0.383
2009-09-11 13:00:00,0.74,0.43
2009-09-11 14:00:00,0.75,0.448
2009-09-11 15:00:00,0.76,0.511
2009-09-11 16:00:00,0.78,0.801
2009-09-11 17:00:00,0.8,0.835
2009-09-11 18:00:00,0.81,1.642
2009-09-11 19:00:00,0.83,1.614
2009-09-11 20:00:00,0.85,1.496
2009-09-11 21:00:00,0.87,1.496
2009-09-11 22:00:00,0.89,1.476
2009-09-11 23:00:00,0.92,1.068
2009-09-12 00:00:00,0.94,0.481
2009-09-12 01:00:00,0.97,0.22
2009-09-12 02:00:00,0.99,0.119
2009-09-12 03:00:00,1.02,0.099
2009-09-12 04:00:00,1.05,0.07
2009-09-12 05:00:00,1.08,0.072
2009-09-12 06:00:00,1.11,0.063
2009-09-12 07:00:00,1.15,0.076
2009-09-12 08:00:00,1.18,0.14
2009-09-12 09:00:00,1.32,0.205
2009-09-12 10:00:00,1.66,0.28
2009-09-12 11:00:00,2.21,0.297
2009-09-12 12:00:00,2.97,0.3
2009-09-12 13:00:00,3.94,0.479
2009-09-12 14:00:00,5.11,0.877
2009-09-12 15:00:00,6.5,1.098
2009-09-12 16:00:00,8.1,1.611
2009-09-12 17:00:00,9.9,1.629
2009-09-12 18:00:00,11.92,1.686
2009-09-12 19:00:00,14.15,1.686
2009-09-12 20:00:00,16.6,1.631
2009-09-12 21:00:00,22.3,1.528
2009-09-12 22:00:00,22.8,1.862
2009-09-12 23:00:00,24.48,1.703
2009-09-13 00:00:00,30.38,1.531
2009-09-13 01:00:00,35.74,2.196
2009-09-13 02:00:00,42.4,0.395
2009-09-13 03:00:00,57.14,0.416
2009-09-13 04:00:00,94.04,0.453
2009-09-13 05:00:00,112.9,0.728
2009-09-13 06:00:00,123.4,0.917
2009-09-13 07:00:00,130.4,0.986
2009-09-13 08:00:00,130.0,1.17
2009-09-13 09:00:00,119.4,2.171
2009-09-13 10:00:00,120.7,3.011
2009-09-13 11:00:00,116.8,2.909
2009-09-13 12:00:00,118.1,3.301
2009-09-13 13:00:00,119.4,1.377
2009-09-13 14:00:00,124.8,0.778
2009-09-13 15:00:00,143.5,0.799
2009-09-13 16:00:00,204.0,0.947
2009-09-13 17:00:00,294.0,1.039
2009-09-13 18:00:00,319.2,0.879
2009-09-13 19:00:00,328.4,0.76
2009-09-13 20:00:00,365.0,1.372
2009-09-13 21:00:00,350.8,1.674
2009-09-13 22:00:00,347.6,1.674
2009-09-13 23:00:00,347.6,1.68
2009-09-14 00:00:00,325.0,1.823
2009-09-14 01:00:00,331.6,1.793
2009-09-14 02:00:00,319.2,1.162
2009-09-14 03:00:00,308.0,0.783
2009-09-14 04:00:00,308.0,0.216
2009-09-14 05:00:00,308.0,0.152
2009-09-14 06:00:00,308.0,0.152
2009-09-14 07:00:00,296.8,0.152
2009-09-14 08:00:00,300.0,0.049
2009-09-14 09:00:00,281.0,0.0
2009-09-14 10:00:00,278.4,0.0
2009-09-14 11:00:00,270.6,0.0
2009-09-14 12:00:00,271.0,0.117
2009-09-14 13:00:00,253.6,0.127
2009-09-14 14:00:00,233.5,0.127
2009-09-14 15:00:00,219.2,0.127
2009-09-14 16:00:00,207.8,0.127
2009-09-14 17:00:00,205.9,0.127
2009-09-14 18:00:00,204.0,0.0
2009-09-14 19:00:00,189.6,0.0
2009-09-14 20:00:00,178.8,0.0
2009-09-14 21:00:00,173.4,0.0
2009-09-14 22:00:00,160.0,0.0
2009-09-14 23:00:00,154.4,0.0
2009-09-15 00:00:00,146.0,0.0
2009-09-15 01:00:00,145.0,0.0
2009-09-15 02:00:00,140.5,0.0
2009-09-15 03:00:00,130.4,0.0
2009-09-15 04:00:00,126.2,0.0
2009-09-15 05:00:00,116.8,0.0
2009-09-15 06:00:00,112.9,0.0
2009-09-15 07:00:00,106.5,0.0
2009-09-15 08:00:00,101.6,0.0
2009-09-15 09:00:00,98.51,0.0
2009-09-15 10:00:00,82.67,0.0
2009-09-15 11:00:00,67.3,0.0
2009-09-15 12:00:00,80.05,0.0
2009-09-15 13:00:00,76.12,0.0
2009-09-15 14:00:00,72.3,0.003
2009-09-15 15:00:00,71.02,0.005
2009-09-15 16:00:00,69.78,0.005
2009-09-15 17:00:00,67.3,0.005
2009-09-15 18:00:00,67.3,0.005
2009-09-15 19:00:00,68.54,0.003
2009-09-15 20:00:00,57.6,0.0
2009-09-15 21:00:00,71.02,0.0
2009-09-15 22:00:00,66.06,0.0
2009-09-15 23:00:00,59.12,0.0
2009-09-16 00:00:00,57.14,0.0
2009-09-16 01:00:00,55.16,0.0
2009-09-16 02:00:00,55.16,0.0
2009-09-16 03:00:00,52.19,0.0
2009-09-16 04:00:00,52.19,0.0
2009-09-16 05:00:00,51.2,0.0
2009-09-16 06:00:00,48.56,0.0
2009-09-16 07:00:00,44.16,0.0
2009-09-16 08:00:00,43.0,0.0
2009-09-16 09:00:00,45.92,0.0
2009-09-16 10:00:00,49.44,0.0
2009-09-16 11:00:00,44.16,0.0
2009-09-16 12:00:00,36.48,0.0
2009-09-16 13:00:00,35.74,0.0
2009-09-16 14:00:00,35.0,0.0
2009-09-16 15:00:00,32.36,0.0
2009-09-16 16:00:00,37.22,0.0
2009-09-16 17:00:00,32.36,0.0
2009-09-16 18:00:00,32.36,0.0
2009-09-16 19:00:00,32.36,0.0
2009-09-16 20:00:00,33.68,0.0
2009-09-16 21:00:00,32.36,0.0
2009-09-16 22:00:00,31.7,0.0
2009-09-16 23:00:00,35.74,0.0
2009-09-17 00:00:00,29.72,0.0
2009-09-17 01:00:00,32.36,0.0
2009-09-17 02:00:00,30.38,0.0
2009-09-17 03:00:00,29.72,0.0
2009-09-17 04:00:00,28.4,0.0
2009-09-17 05:00:00,28.4,0.0
2009-09-17 06:00:00,28.4,0.0
2009-09-17 07:00:00,27.28,0.0
2009-09-17 08:00:00,25.6,0.0
2009-09-17 09:00:00,25.04,0.0
2009-09-17 10:00:00,23.92,0.0
2009-09-17 11:00:00,22.3,0.0
2009-09-17 12:00:00,21.8,0.0
2009-09-17 13:00:00,21.8,0.0
2009-09-17 14:00:00,21.8,0.0
2009-09-17 15:00:00,22.8,0.0
2009-09-17 16:00:00,21.8,0.0
2009-09-17 17:00:00,25.6,0.0
2009-09-17 18:00:00,22.8,0.0
2009-09-17 19:00:00,22.8,0.0
2009-09-17 20:00:00,17.8,0.0
2009-09-17 21:00:00,16.04,0.0
2009-09-17 22:00:00,16.04,0.0
2009-09-17 23:00:00,16.04,0.0
2009-09-18 00:00:00,16.04,0.0
2009-09-18 01:00:00,16.04,0.0
2009-09-18 02:00:00,16.04,0.0
2009-09-18 03:00:00,16.04,0.0
2009-09-18 04:00:00,16.04,0.0
2009-09-18 05:00:00,16.04,0.0
2009-09-18 06:00:00,16.04,0.0
2009-09-18 07:00:00,15.02,0.0
2009-09-18 08:00:00,14.0,0.0
2009-09-18 09:00:00,14.03,0.0
2009-09-18 10:00:00,14.11,0.0
2009-09-18 11:00:00,14.25,0.309
2009-09-18 12:00:00,14.45,0.364
2009-09-18 13:00:00,14.72,0.364
2009-09-18 14:00:00,15.06,0.364
2009-09-18 15:00:00,15.46,0.364
2009-09-18 16:00:00,15.95,0.063
2009-09-18 17:00:00,16.51,0.01
2009-09-18 18:00:00,17.15,0.01
2009-09-18 19:00:00,17.87,0.01
2009-09-18 20:00:00,18.69,0.012
2009-09-18 21:00:00,19.59,0.015
2009-09-18 22:00:00,20.59,0.015
2009-09-18 23:00:00,21.69,0.11
2009-09-19 00:00:00,22.88,0.55
2009-09-19 01:00:00,24.18,0.824
2009-09-19 02:00:00,25.59,0.825
2009-09-19 03:00:00,27.1,0.829
2009-09-19 04:00:00,28.73,1.39
2009-09-19 05:00:00,30.48,1.429
2009-09-19 06:00:00,32.34,1.342
2009-09-19 07:00:00,34.33,1.43
2009-09-19 08:00:00,36.44,1.636
2009-09-19 09:00:00,38.69,1.717
2009-09-19 10:00:00,41.06,2.135
2009-09-19 11:00:00,43.57,2.203
2009-09-19 12:00:00,46.22,3.191
2009-09-19 13:00:00,49.01,3.022
2009-09-19 14:00:00,51.95,1.589
2009-09-19 15:00:00,55.04,0.86
2009-09-19 16:00:00,58.27,0.807
2009-09-19 17:00:00,61.66,0.645
2009-09-19 18:00:00,65.21,0.595
2009-09-19 19:00:00,68.92,0.588
2009-09-19 20:00:00,72.8,0.557
2009-09-19 21:00:00,88.09,0.552
2009-09-19 22:00:00,104.9,1.271
2009-09-19 23:00:00,105.7,0.708
2009-09-20 00:00:00,110.3,0.677
2009-09-20 01:00:00,111.6,0.629
2009-09-20 02:00:00,110.3,0.714
2009-09-20 03:00:00,106.5,0.203
2009-09-20 04:00:00,105.7,0.133
2009-09-20 05:00:00,103.3,0.061
2009-09-20 06:00:00,100.0,0.062
2009-09-20 07:00:00,97.02,0.018
2009-09-20 08:00:00,98.8,0.0
2009-09-20 09:00:00,91.07,0.0
2009-09-20 10:00:00,83.98,0.0
2009-09-20 11:00:00,88.09,0.0
2009-09-20 12:00:00,81.36,0.0
2009-09-20 13:00:00,78.74,0.0
2009-09-20 14:00:00,77.43,0.0
2009-09-20 15:00:00,77.43,0.0
2009-09-20 16:00:00,73.5,0.0
2009-09-20 17:00:00,74.81,0.0
2009-09-20 18:00:00,72.63,0.0
2009-09-20 19:00:00,68.58,0.0
2009-09-20 20:00:00,66.4,0.0
2009-09-20 21:00:00,68.54,0.0
2009-09-20 22:00:00,69.78,0.0
2009-09-20 23:00:00,67.3,0.0
2009-09-21 00:00:00,64.82,0.0
2009-09-21 01:00:00,61.1,0.0
2009-09-21 02:00:00,59.12,0.0
2009-09-21 03:00:00,56.15,0.0
2009-09-21 04:00:00,53.18,0.0
2009-09-21 05:00:00,50.32,0.0
2009-09-21 06:00:00,49.44,0.0
2009-09-21 07:00:00,44.16,0.0
2009-09-21 08:00:00,36.5,0.0
2009-09-21 09:00:00,42.4,0.0
2009-09-21 10:00:00,37.96,0.0
2009-09-21 11:00:00,37.22,0.0
2009-09-21 12:00:00,33.68,0.0
2009-09-21 13:00:00,36.48,0.0
2009-09-21 14:00:00,35.74,0.0
2009-09-21 15:00:00,35.0,0.0
2009-09-21 16:00:00,35.0,0.0
2009-09-21 17:00:00,37.22,0.0
2009-09-21 18:00:00,37.22,0.0
2009-09-21 19:00:00,39.44,0.0
2009-09-21 20:00:00,32.6,0.0
2009-09-21 21:00:00,34.54,0.0
2009-09-21 22:00:00,36.48,0.0
2009-09-21 23:00:00,35.74,0.0
2009-09-22 00:00:00,34.34,0.0
2009-09-22 01:00:00,33.68,0.0
2009-09-22 02:00:00,33.02,0.0
2009-09-22 03:00:00,31.04,0.0
2009-09-22 04:00:00,29.72,0.0
2009-09-22 05:00:00,29.72,0.0
2009-09-22 06:00:00,29.72,0.0
2009-09-22 07:00:00,26.16,0.0
2009-09-22 08:00:00,25.6,0.0
2009-09-22 09:00:00,29.72,0.0
2009-09-22 10:00:00,18.3,0.0
2009-09-22 11:00:00,22.3,0.0
2009-09-22 12:00:00,21.3,0.0
2009-09-22 13:00:00,21.8,0.0
2009-09-22 14:00:00,21.8,0.0
2009-09-22 15:00:00,20.3,0.0
2009-09-22 16:00:00,20.8,0.0
2009-09-22 17:00:00,25.04,0.0
2009-09-22 18:00:00,25.04,0.0
2009-09-22 19:00:00,25.6,0.0
2009-09-22 20:00:00,25.6,0.0
2009-09-22 21:00:00,25.04,0.0
2009-09-22 22:00:00,25.6,0.0
2009-09-22 23:00:00,25.04,0.0
2009-09-23 00:00:00,25.6,0.0
2009-09-23 01:00:00,23.92,0.0
2009-09-23 02:00:00,25.04,0.0
2009-09-23 03:00:00,21.3,0.0
2009-09-23 04:00:00,21.8,0.0
2009-09-23 05:00:00,22.3,0.0
2009-09-23 06:00:00,21.8,0.0
2009-09-23 07:00:00,20.8,0.0
2009-09-23 08:00:00,16.1,0.0
2009-09-23 09:00:00,20.3,0.0
2009-09-23 10:00:00,18.3,0.0
2009-09-23 11:00:00,13.22,0.0
2009-09-23 12:00:00,19.3,0.0
2009-09-23 13:00:00,19.3,0.0
2009-09-23 14:00:00,18.3,0.0
2009-09-23 15:00:00,14.4,0.0
2009-09-23 16:00:00,13.86,0.0
2009-09-23 17:00:00,13.36,0.0
2009-09-23 18:00:00,12.9,0.0
2009-09-23 19:00:00,12.48,0.0
2009-09-23 20:00:00,12.1,0.0
2009-09-23 21:00:00,11.75,0.0
2009-09-23 22:00:00,11.43,0.0
2009-09-23 23:00:00,11.15,0.0
2009-09-24 00:00:00,10.9,0.0
2009-09-24 01:00:00,10.67,0.0
2009-09-24 02:00:00,10.48,0.0
2009-09-24 03:00:00,10.31,0.0
2009-09-24 04:00:00,10.16,0.0
2009-09-24 05:00:00,10.04,0.0
2009-09-24 06:00:00,9.93,0.0
2009-09-24 07:00:00,9.85,0.0
2009-09-24 08:00:00,9.78,0.0
2009-09-24 09:00:00,9.73,0.0
2009-09-24 10:00:00,9.69,0.0
2009-09-24 11:00:00,9.67,0.0
2009-09-24 12:00:00,9.65,0.0
2009-09-24 13:00:00,9.65,0.0
2009-09-24 14:00:00,12.08,0.0
2009-09-24 15:00:00,8.67,0.0
2009-09-24 16:00:00,11.7,0.0
2009-09-24 17:00:00,11.38,0.0
2009-09-24 18:00:00,10.65,0.0
2009-09-24 19:00:00,9.84,0.0
2009-09-24 20:00:00,9.32,0.0
2009-09-24 21:00:00,9.07,0.0
2009-09-24 22:00:00,8.85,0.0
2009-09-24 23:00:00,8.66,0.0
2009-09-25 00:00:00,8.49,0.0
2009-09-25 01:00:00,8.35,0.0
2009-09-25 02:00:00,8.22,0.0
2009-09-25 03:00:00,8.1,0.0
2009-09-25 04:00:00,7.98,0.0
2009-09-25 05:00:00,7.86,0.0
2009-09-25 06:00:00,7.74,0.0
2009-09-25 07:00:00,7.61,0.0
2009-09-25 08:00:00,7.47,0.0
2009-09-25 09:00:00,7.31,0.0
2009-09-25 10:00:00,7.14,0.0
2009-09-25 11:00:00,6.96,0.0
2009-09-25 12:00:00,6.78,0.0
2009-09-25 13:00:00,6.58,0.0
2009-09-25 14:00:00,6.39,0.0
2009-09-25 15:00:00,6.19,0.0
2009-09-25 16:00:00,5.99,0.0
2009-09-25 17:00:00,5.78,0.0
2009-09-25 18:00:00,5.58,0.0
2009-09-25 19:00:00,5.39,0.0
2009-09-25 20:00:00,5.2,0.0
2009-09-25 21:00:00,5.01,0.0
2009-09-25 22:00:00,4.83,0.0
2009-09-25 23:00:00,4.67,0.0
2009-09-26 00:00:00,4.51,0.0
2009-09-26 01:00:00,4.37,0.0
2009-09-26 02:00:00,4.24,0.0
2009-09-26 03:00:00,4.12,0.0
2009-09-26 04:00:00,4.02,0.0
2009-09-26 05:00:00,3.95,0.0
2009-09-26 06:00:00,3.89,0.0
2009-09-26 07:00:00,3.85,0.0
2009-09-26 08:00:00,3.84,0.0
2009-09-26 09:00:00,4.41,0.0
2009-09-26 10:00:00,5.77,0.0
2009-09-26 11:00:00,7.39,0.0
2009-09-26 12:00:00,8.75,0.0
2009-09-26 13:00:00,9.32,0.0
2009-09-26 14:00:00,9.18,0.0
2009-09-26 15:00:00,9.0,0.0
2009-09-26 16:00:00,8.94,0.0
2009-09-26 17:00:00,8.88,0.0
2009-09-26 18:00:00,8.83,0.0
2009-09-26 19:00:00,8.78,0.0
2009-09-26 20:00:00,8.73,0.0
2009-09-26 21:00:00,8.68,0.0
2009-09-26 22:00:00,8.64,0.0
2009-09-26 23:00:00,8.6,0.0
2009-09-27 00:00:00,8.56,0.0
2009-09-27 01:00:00,8.53,0.0
2009-09-27 02:00:00,8.5,0.0
2009-09-27 03:00:00,8.47,0.0
2009-09-27 04:00:00,8.45,0.0
2009-09-27 05:00:00,8.42,0.0
2009-09-27 06:00:00,8.4,0.0
2009-09-27 07:00:00,8.39,0.0
2009-09-27 08:00:00,8.37,0.0
2009-09-27 09:00:00,8.36,0.0
2009-09-27 10:00:00,8.35,0.0
2009-09-27 11:00:00,8.35,0.0
2009-09-27 12:00:00,8.34,0.0
2009-09-27 13:00:00,8.34,0.0
2009-09-27 14:00:00,8.67,0.0
2009-09-27 15:00:00,9.65,0.0
2009-09-27 16:00:00,9.62,0.0
2009-09-27 17:00:00,9.53,0.0
2009-09-27 18:00:00,9.4,0.0
2009-09-27 19:00:00,9.21,0.0
2009-09-27 20:00:00,8.98,0.0
2009-09-27 21:00:00,8.7,0.0
2009-09-27 22:00:00,8.4,0.0
2009-09-27 23:00:00,8.06,0.0
2009-09-28 00:00:00,7.69,0.0
2009-09-28 01:00:00,7.3,0.0
2009-09-28 02:00:00,6.89,0.0
2009-09-28 03:00:00,6.47,0.0
2009-09-28 04:00:00,6.03,0.0
2009-09-28 05:00:00,5.59,0.0
2009-09-28 06:00:00,5.14,0.0
2009-09-28 07:00:00,4.7,0.0
2009-09-28 08:00:00,4.26,0.0
2009-09-28 09:00:00,3.83,0.0
2009-09-28 10:00:00,3.42,0.0
2009-09-28 11:00:00,3.02,0.0
2009-09-28 12:00:00,2.65,0.0
2009-09-28 13:00:00,2.3,0.0
2009-09-28 14:00:00,1.98,0.0
2009-09-28 15:00:00,1.7,0.0
2009-09-28 16:00:00,1.45,0.0
2009-09-28 17:00:00,1.25,0.0
2009-09-28 18:00:00,1.09,0.0
2009-09-28 19:00:00,0.99,0.0
2009-09-28 20:00:00,0.94,0.0
2009-09-28 21:00:00,0.92,0.0
2009-09-28 22:00:00,0.91,0.0
2009-09-28 23:00:00,0.89,0.0
2009-09-29 00:00:00,0.87,0.0
2009-09-29 01:00:00,0.85,0.0
2009-09-29 02:00:00,0.84,0.0
2009-09-29 03:00:00,0.82,0.0
2009-09-29 04:00:00,0.81,0.0
2009-09-29 05:00:00,0.79,0.0
2009-09-29 06:00:00,0.78,0.0
2009-09-29 07:00:00,0.77,0.0
2009-09-29 08:00:00,0.75,0.0
2009-09-29 09:00:00,0.74,0.0
2009-09-29 10:00:00,0.73,0.0
2009-09-29 11:00:00,0.72,0.0
2009-09-29 12:00:00,0.71,0.0
2009-09-29 13:00:00,0.7,0.0
2009-09-29 14:00:00,0.69,0.0
2009-09-29 15:00:00,0.68,0.0
2009-09-29 16:00:00,0.67,0.0
2009-09-29 17:00:00,0.66,0.0
2009-09-29 18:00:00,0.65,0.0
2009-09-29 19:00:00,0.64,0.0
2009-09-29 20:00:00,0.64,0.0
2009-09-29 21:00:00,0.63,0.0
2009-09-29 22:00:00,0.63,0.0
2009-09-29 23:00:00,0.62,0.0
2009-09-30 00:00:00,0.62,0.0
2009-09-30 01:00:00,0.61,0.0
2009-09-30 02:00:00,0.61,0.0
2009-09-30 03:00:00,0.61,0.0
2009-09-30 04:00:00,0.6,0.0
2009-09-30 05:00:00,0.6,0.0
2009-09-30 06:00:00,0.6,0.0
2009-09-30 07:00:00,0.6,0.0
2009-09-30 08:00:00,0.6,0.0
2009-09-30 09:00:00,0.6,0.0
2009-09-30 10:00:00,0.6,0.0
2009-09-30 11:00:00,0.6,0.0
2009-09-30 12:00:00,0.6,0.0
2009-09-30 13:00:00,0.6,0.0
2009-09-30 14:00:00,0.6,0.0
2009-09-30 15:00:00,0.6,0.0
2009-09-30 16:00:00,0.6,0.0
2009-09-30 17:00:00,0.6,0.0
2009-09-30 18:00:00,0.6,0.0
2009-09-30 19:00:00,0.6,0.0
2009-09-30 20:00:00,0.6,0.0
2009-09-30 21:00:00,0.6,0.0
2009-09-30 22:00:00,0.6,0.0
2009-09-30 23:00:00,0.6,0.0
2009-10-01 00:00:00,0.6,0.0
2009-10-01 01:00:00,0.6,0.0
2009-10-01 02:00:00,0.6,0.0
2009-10-01 03:00:00,0.6,0.0
2009-10-01 04:00:00,0.6,0.0
2009-10-01 05:00:00,0.6,0.0
2009-10-01 06:00:00,0.6,0.0
2009-10-01 07:00:00,0.6,0.0
2009-10-01 08:00:00,0.6,0.0
2009-10-01 09:00:00,0.6,0.0
2009-10-01 10:00:00,0.6,0.0
2009-10-01 11:00:00,0.6,0.0
2009-10-01 12:00:00,0.6,0.0
2009-10-01 13:00:00,0.6,0.0
2009-10-01 14:00:00,0.6,0.0
2009-10-01 15:00:00,0.6,0.0
2009-10-01 16:00:00,0.6,0.0
2009-10-01 17:00:00,0.6,0.0
2009-10-01 18:00:00,0.6,0.0
2009-10-01 19:00:00,0.6,0.0
2009-10-01 20:00:00,0.6,0.0
2009-10-01 21:00:00,0.6,0.0
2009-10-01 22:00:00,0.6,0.0
2009-10-01 23:00:00,0.6,0.0
2009-10-02 00:00:00,0.6,0.0
2009-10-02 01:00:00,0.6,0.0
2009-10-02 02:00:00,0.6,0.0
2009-10-02 03:00:00,0.61,0.001
2009-10-02 04:00:00,0.61,0.072
2009-10-02 05:00:00,0.61,0.29
2009-10-02 06:00:00,0.61,0.438
2009-10-02 07:00:00,0.61,0.53
2009-10-02 08:00:00,0.61,0.557
2009-10-02 09:00:00,0.62,0.873
2009-10-02 10:00:00,0.62,1.039
2009-10-02 11:00:00,0.62,1.04
2009-10-02 12:00:00,0.62,0.208
2009-10-02 13:00:00,0.63,0.049
2009-10-02 14:00:00,0.63,0.0
2009-10-02 15:00:00,0.63,0.0
2009-10-02 16:00:00,0.63,0.0
2009-10-02 17:00:00,0.63,0.0
2009-10-02 18:00:00,0.64,0.0
2009-10-02 19:00:00,0.64,0.0
2009-10-02 20:00:00,0.64,0.0
2009-10-02 21:00:00,0.64,0.0
2009-10-02 22:00:00,0.64,0.0
2009-10-02 23:00:00,0.65,0.0
2009-10-03 00:00:00,0.65,0.0
2009-10-03 01:00:00,0.65,0.0
2009-10-03 02:00:00,0.65,0.0
2009-10-03 03:00:00,0.65,0.0
2009-10-03 04:00:00,0.65,0.0
2009-10-03 05:00:00,0.65,0.0
2009-10-03 06:00:00,0.65,0.0
2009-10-03 07:00:00,0.65,0.0
2009-10-03 08:00:00,0.65,0.0
2009-10-03 09:00:00,0.65,0.0
2009-10-03 10:00:00,0.65,0.0
2009-10-03 11:00:00,0.65,0.0
2009-10-03 12:00:00,0.65,0.0
2009-10-03 13:00:00,0.65,0.0
2009-10-03 14:00:00,0.65,0.0
2009-10-03 15:00:00,0.65,0.0
2009-10-03 16:00:00,0.65,0.0
2009-10-03 17:00:00,0.65,0.0
2009-10-03 18:00:00,0.65,0.0
2009-10-03 19:00:00,0.65,0.0
2009-10-03 20:00:00,0.65,0.0
2009-10-03 21:00:00,0.65,0.0
2009-10-03 22:00:00,0.64,0.0
2009-10-03 23:00:00,0.63,0.0
2009-10-04 00:00:00,0.62,0.0
2009-10-04 01:00:00,0.6,0.0
2009-10-04 02:00:00,0.59,0.0
2009-10-04 03:00:00,0.57,0.0
2009-10-04 04:00:00,0.55,0.0
2009-10-04 05:00:00,0.54,0.0
2009-10-04 06:00:00,0.53,0.0
2009-10-04 07:00:00,0.52,0.0
2009-10-04 08:00:00,0.52,0.0
2009-10-04 09:00:00,0.52,0.0
2009-10-04 10:00:00,0.52,0.0
2009-10-04 11:00:00,0.52,0.0
2009-10-04 12:00:00,0.52,0.0
2009-10-04 13:00:00,0.52,0.0
2009-10-04 14:00:00,0.52,0.0
2009-10-04 15:00:00,0.52,0.0
2009-10-04 16:00:00,0.52,0.0
2009-10-04 17:00:00,0.52,0.0
2009-10-04 18:00:00,0.52,0.0
2009-10-04 19:00:00,0.52,0.0
2009-10-04 20:00:00,0.52,0.0
2009-10-04 21:00:00,0.52,0.0
2009-10-04 22:00:00,0.52,0.0
2009-10-04 23:00:00,0.52,0.0
2009-10-05 00:00:00,0.52,0.0
2009-10-05 01:00:00,0.52,0.0
2009-10-05 02:00:00,0.52,0.0
2009-10-05 03:00:00,0.52,0.0
2009-10-05 04:00:00,0.52,0.0
2009-10-05 05:00:00,0.52,0.0
2009-10-05 06:00:00,0.52,0.0
2009-10-05 07:00:00,0.52,0.0
2009-10-05 08:00:00,0.52,0.0
2009-10-05 09:00:00,0.52,0.0
2009-10-05 10:00:00,0.52,0.0
2009-10-05 11:00:00,0.52,0.0
2009-10-05 12:00:00,0.52,0.0
2009-10-05 13:00:00,0.52,0.0
2009-10-05 14:00:00,0.52,0.0
2009-10-05 15:00:00,0.52,0.0
2009-10-05 16:00:00,0.52,0.0
2009-10-05 17:00:00,0.52,0.0
2009-10-05 18:00:00,0.52,0.0
2009-10-05 19:00:00,0.52,0.0
2009-10-05 20:00:00,0.52,0.0
2009-10-05 21:00:00,0.52,0.0
2009-10-05 22:00:00,0.52,0.0
2009-10-05 23:00:00,0.52,0.0
2009-10-06 00:00:00,0.52,0.0
2009-10-06 01:00:00,0.52,0.0
2009-10-06 02:00:00,0.52,0.0
2009-10-06 03:00:00,0.52,0.0
2009-10-06 04:00:00,0.52,0.0
2009-10-06 05:00:00,0.52,0.0
2009-10-06 06:00:00,0.52,0.0
2009-10-06 07:00:00,0.52,0.0
2009-10-06 08:00:00,0.52,0.0
2009-10-06 09:00:00,0.52,0.03
2009-10-06 10:00:00,0.52,0.039
2009-10-06 11:00:00,0.51,0.039
2009-10-06 12:00:00,0.51,0.039
2009-10-06 13:00:00,0.51,0.039
2009-10-06 14:00:00,0.5,0.098
2009-10-06 15:00:00,0.5,0.008
2009-10-06 16:00:00,0.49,0.007
2009-10-06 17:00:00,0.48,0.007
2009-10-06 18:00:00,0.47,0.007
2009-10-06 19:00:00,0.47,0.007
2009-10-06 20:00:00,0.46,0.007
2009-10-06 21:00:00,0.45,0.007
2009-10-06 22:00:00,0.45,0.007
2009-10-06 23:00:00,0.44,0.007
2009-10-07 00:00:00,0.43,0.007
2009-10-07 01:00:00,0.42,0.056
2009-10-07 02:00:00,0.42,0.062
2009-10-07 03:00:00,0.41,0.065
2009-10-07 04:00:00,0.41,0.065
2009-10-07 05:00:00,0.41,0.065
2009-10-07 06:00:00,0.4,0.047
2009-10-07 07:00:00,0.4,0.216
2009-10-07 08:00:00,0.4,0.256
2009-10-07 09:00:00,0.4,0.315
2009-10-07 10:00:00,0.4,0.4
2009-10-07 11:00:00,0.4,0.502
2009-10-07 12:00:00,0.4,0.449
2009-10-07 13:00:00,0.4,0.47
2009-10-07 14:00:00,0.4,0.571
2009-10-07 15:00:00,0.4,0.814
2009-10-07 16:00:00,0.4,1.153
2009-10-07 17:00:00,0.4,0.774
2009-10-07 18:00:00,0.4,0.202
2009-10-07 19:00:00,0.4,0.086
2009-10-07 20:00:00,0.4,0.075
2009-10-07 21:00:00,0.4,0.071
2009-10-07 22:00:00,0.4,0.032
2009-10-07 23:00:00,0.4,0.019
2009-10-08 00:00:00,0.4,0.003
2009-10-08 01:00:00,0.4,0.004
2009-10-08 02:00:00,0.4,0.004
2009-10-08 03:00:00,0.4,0.004
2009-10-08 04:00:00,0.4,0.004
2009-10-08 05:00:00,0.4,0.004
2009-10-08 06:00:00,0.4,0.004
2009-10-08 07:00:00,0.4,0.007
2009-10-08 08:00:00,0.4,0.072
2009-10-08 09:00:00,0.4,0.153
2009-10-08 10:00:00,0.4,0.256
2009-10-08 11:00:00,0.4,0.306
2009-10-08 12:00:00,0.4,0.404
2009-10-08 13:00:00,0.4,0.698
2009-10-08 14:00:00,0.4,0.733
2009-10-08 15:00:00,0.4,0.823
2009-10-08 16:00:00,0.4,0.715
2009-10-08 17:00:00,0.4,0.563
2009-10-08 18:00:00,0.4,0.404
2009-10-08 19:00:00,0.4,0.293
2009-10-08 20:00:00,0.4,0.217
2009-10-08 21:00:00,0.4,0.213
2009-10-08 22:00:00,0.4,0.202
2009-10-08 23:00:00,0.4,0.202
2009-10-09 00:00:00,0.4,0.294
2009-10-09 01:00:00,0.4,0.704
2009-10-09 02:00:00,0.4,0.797
2009-10-09 03:00:00,0.4,1.359
2009-10-09 04:00:00,0.4,1.101
2009-10-09 05:00:00,0.4,0.72
2009-10-09 06:00:00,0.4,0.514
2009-10-09 07:00:00,0.4,0.539
2009-10-09 08:00:00,0.4,0.434
2009-10-09 09:00:00,0.4,0.389
2009-10-09 10:00:00,0.4,0.387
2009-10-09 11:00:00,0.4,0.386
2009-10-09 12:00:00,0.4,0.375
2009-10-09 13:00:00,0.4,0.369
2009-10-09 14:00:00,0.4,0.319
2009-10-09 15:00:00,0.4,0.239
2009-10-09 16:00:00,0.4,0.183
2009-10-09 17:00:00,0.4,0.136
2009-10-09 18:00:00,0.4,0.062
2009-10-09 19:00:00,0.4,0.052
2009-10-09 20:00:00,0.4,0.096
2009-10-09 21:00:00,0.4,0.119
2009-10-09 22:00:00,0.41,0.119
2009-10-09 23:00:00,0.42,0.114
2009-10-10 00:00:00,0.43,0.127
2009-10-10 01:00:00,0.44,0.132
2009-10-10 02:00:00,0.46,0.139
2009-10-10 03:00:00,0.48,0.169
2009-10-10 04:00:00,0.5,0.191
2009-10-10 05:00:00,0.53,0.278
2009-10-10 06:00:00,0.55,0.254
2009-10-10 07:00:00,0.58,0.214
2009-10-10 08:00:00,0.61,0.237
2009-10-10 09:00:00,0.64,0.221
2009-10-10 10:00:00,0.67,0.143
2009-10-10 11:00:00,0.7,0.129
2009-10-10 12:00:00,0.73,0.125
2009-10-10 13:00:00,0.77,0.109
2009-10-10 14:00:00,0.8,0.1
2009-10-10 15:00:00,0.83,0.087
2009-10-10 16:00:00,0.87,0.06
2009-10-10 17:00:00,0.9,0.038
2009-10-10 18:00:00,0.93,0.029
2009-10-10 19:00:00,0.96,0.029
2009-10-10 20:00:00,0.99,0.028
2009-10-10 21:00:00,1.02,0.048
2009-10-10 22:00:00,1.05,0.053
2009-10-10 23:00:00,1.08,0.053
2009-10-11 00:00:00,1.1,0.111
2009-10-11 01:00:00,1.12,0.125
2009-10-11 02:00:00,1.14,0.102
2009-10-11 03:00:00,1.16,0.097
2009-10-11 04:00:00,1.17,0.097
2009-10-11 05:00:00,1.18,0.039
2009-10-11 06:00:00,1.19,0.02
2009-10-11 07:00:00,1.2,0.02
2009-10-11 08:00:00,1.2,0.02
2009-10-11 09:00:00,1.2,0.014
2009-10-11 10:00:00,1.19,0.004
2009-10-11 11:00:00,1.17,0.031
2009-10-11 12:00:00,1.15,0.043
2009-10-11 13:00:00,1.12,0.047
2009-10-11 14:00:00,1.09,0.052
2009-10-11 15:00:00,1.06,0.08
2009-10-11 16:00:00,1.02,0.144
2009-10-11 17:00:00,0.98,0.182
2009-10-11 18:00:00,0.94,0.176
2009-10-11 19:00:00,0.9,0.171
2009-10-11 20:00:00,0.86,0.149
2009-10-11 21:00:00,0.82,0.112
2009-10-11 22:00:00,0.78,0.025
2009-10-11 23:00:00,0.74,0.0
2009-10-12 00:00:00,0.7,0.0
2009-10-12 01:00:00,0.66,0.0
2009-10-12 02:00:00,0.63,0.0
2009-10-12 03:00:00,0.6,0.0
2009-10-12 04:00:00,0.57,0.0
2009-10-12 05:00:00,0.55,0.0
2009-10-12 06:00:00,0.53,0.016
2009-10-12 07:00:00,0.52,0.031
2009-10-12 08:00:00,0.52,0.031
2009-10-12 09:00:00,0.52,0.031
2009-10-12 10:00:00,0.52,0.031
2009-10-12 11:00:00,0.52,0.015
2009-10-12 12:00:00,0.52,0.0
2009-10-12 13:00:00,0.52,0.0
2009-10-12 14:00:00,0.52,0.0
2009-10-12 15:00:00,0.52,0.0
2009-10-12 16:00:00,0.52,0.0
2009-10-12 17:00:00,0.52,0.005
2009-10-12 18:00:00,0.52,0.005
2009-10-12 19:00:00,0.52,0.005
2009-10-12 20:00:00,0.52,0.005
2009-10-12 21:00:00,0.52,0.005
2009-10-12 22:00:00,0.52,0.0
2009-10-12 23:00:00,0.52,0.0
2009-10-13 00:00:00,0.52,0.0
2009-10-13 01:00:00,0.52,0.0
2009-10-13 02:00:00,0.52,0.0
2009-10-13 03:00:00,0.52,0.0
2009-10-13 04:00:00,0.52,0.0
2009-10-13 05:00:00,0.52,0.0
2009-10-13 06:00:00,0.52,0.0
2009-10-13 07:00:00,0.52,0.0
2009-10-13 08:00:00,0.52,0.0
2009-10-13 09:00:00,0.52,0.0
2009-10-13 10:00:00,0.52,0.0
2009-10-13 11:00:00,0.52,0.0
2009-10-13 12:00:00,0.52,0.0
2009-10-13 13:00:00,0.52,0.0
2009-10-13 14:00:00,0.52,0.0
2009-10-13 15:00:00,0.52,0.0
2009-10-13 16:00:00,0.52,0.0
2009-10-13 17:00:00,0.52,0.0
2009-10-13 18:00:00,0.52,0.0
2009-10-13 19:00:00,0.52,0.0
2009-10-13 20:00:00,0.52,0.0
2009-10-13 21:00:00,0.52,0.0
2009-10-13 22:00:00,0.52,0.0
2009-10-13 23:00:00,0.51,0.0
2009-10-14 00:00:00,0.51,0.0
2009-10-14 01:00:00,0.5,0.0
2009-10-14 02:00:00,0.5,0.0
2009-10-14 03:00:00,0.49,0.0
2009-10-14 04:00:00,0.49,0.0
2009-10-14 05:00:00,0.48,0.0
2009-10-14 06:00:00,0.47,0.0
2009-10-14 07:00:00,0.47,0.0
2009-10-14 08:00:00,0.47,0.0
2009-10-14 09:00:00,0.46,0.0
2009-10-14 10:00:00,0.46,0.0
2009-10-14 11:00:00,0.45,0.0
2009-10-14 12:00:00,0.45,0.0
2009-10-14 13:00:00,0.45,0.0
2009-10-14 14:00:00,0.44,0.0
2009-10-14 15:00:00,0.44,0.0
2009-10-14 16:00:00,0.44,0.0
2009-10-14 17:00:00,0.43,0.0
2009-10-14 18:00:00,0.43,0.0
2009-10-14 19:00:00,0.43,0.0
2009-10-14 20:00:00,0.42,0.0
2009-10-14 21:00:00,0.42,0.0
2009-10-14 22:00:00,0.42,0.0
2009-10-14 23:00:00,0.41,0.0
2009-10-15 00:00:00,0.41,0.0
2009-10-15 01:00:00,0.41,0.0
2009-10-15 02:00:00,0.41,0.0
2009-10-15 03:00:00,0.4,0.0
2009-10-15 04:00:00,0.4,0.0
2009-10-15 05:00:00,0.4,0.0
2009-10-15 06:00:00,0.4,0.0
2009-10-15 07:00:00,0.4,0.0
2009-10-15 08:00:00,0.4,0.0
2009-10-15 09:00:00,0.4,0.0
2009-10-15 10:00:00,0.4,0.0
2009-10-15 11:00:00,0.4,0.0
2009-10-15 12:00:00,0.4,0.0
2009-10-15 13:00:00,0.4,0.0
2009-10-15 14:00:00,0.4,0.0
2009-10-15 15:00:00,0.4,0.0
2009-10-15 16:00:00,0.4,0.0
2009-10-15 17:00:00,0.4,0.0
2009-10-15 18:00:00,0.4,0.0
2009-10-15 19:00:00,0.4,0.0
2009-10-15 20:00:00,0.4,0.0
2009-10-15 21:00:00,0.4,0.0
2009-10-15 22:00:00,0.4,0.0
2009-10-15 23:00:00,0.4,0.0
2009-10-16 00:00:00,0.4,0.0
2009-10-16 01:00:00,0.4,0.0
2009-10-16 02:00:00,0.4,0.0
2009-10-16 03:00:00,0.4,0.0
2009-10-16 04:00:00,0.4,0.0
2009-10-16 05:00:00,0.4,0.0
2009-10-16 06:00:00,0.4,0.0
2009-10-16 07:00:00,0.4,0.0
2009-10-16 08:00:00,0.4,0.0
2009-10-16 09:00:00,0.4,0.0
2009-10-16 10:00:00,0.4,0.0
2009-10-16 11:00:00,0.4,0.0
2009-10-16 12:00:00,0.4,0.0
2009-10-16 13:00:00,0.4,0.0
2009-10-16 14:00:00,0.4,0.0
2009-10-16 15:00:00,0.4,0.0
2009-10-16 16:00:00,0.4,0.0
2009-10-16 17:00:00,0.4,0.0
2009-10-16 18:00:00,0.41,0.0
2009-10-16 19:00:00,0.41,0.0
2009-10-16 20:00:00,0.41,0.0
2009-10-16 21:00:00,0.41,0.0
2009-10-16 22:00:00,0.41,0.0
2009-10-16 23:00:00,0.41,0.0
2009-10-17 00:00:00,0.41,0.0
2009-10-17 01:00:00,0.41,0.0
2009-10-17 02:00:00,0.41,0.0
2009-10-17 03:00:00,0.41,0.0
2009-10-17 04:00:00,0.41,0.0
2009-10-17 05:00:00,0.41,0.0
2009-10-17 06:00:00,0.41,0.0
2009-10-17 07:00:00,0.41,0.0
2009-10-17 08:00:00,0.41,0.0
2009-10-17 09:00:00,0.42,0.0
2009-10-17 10:00:00,0.42,0.0
2009-10-17 11:00:00,0.42,0.0
2009-10-17 12:00:00,0.42,0.0
2009-10-17 13:00:00,0.42,0.0
2009-10-17 14:00:00,0.42,0.0
2009-10-17 15:00:00,0.42,0.0
2009-10-17 16:00:00,0.42,0.0
2009-10-17 17:00:00,0.42,0.0
2009-10-17 18:00:00,0.43,0.0
2009-10-17 19:00:00,0.43,0.0
2009-10-17 20:00:00,0.43,0.0
2009-10-17 21:00:00,0.43,0.0
2009-10-17 22:00:00,0.43,0.0
2009-10-17 23:00:00,0.43,0.0
2009-10-18 00:00:00,0.44,0.005
2009-10-18 01:00:00,0.44,0.005
2009-10-18 02:00:00,0.44,0.005
2009-10-18 03:00:00,0.44,0.005
2009-10-18 04:00:00,0.44,0.005
2009-10-18 05:00:00,0.44,0.001
2009-10-18 06:00:00,0.45,0.0
2009-10-18 07:00:00,0.45,0.0
2009-10-18 08:00:00,0.45,0.0
